Iteration,q_0,q_3,joint,MSE
0,-1.5708,-2.7,0,1.4681784768440158
0,-1.5708,-2.7,3,0.5919655844330919
0,-1.5708,-2.2,0,1.6570276154524752
0,-1.5708,-2.2,3,0.3575728488448142
0,-1.5708,-0.7,0,3.1210912398267507
0,-1.5708,-0.7,3,0.6143535629996211
0,-1.4708,-2.7,0,1.1889600859862903
0,-1.4708,-2.7,3,0.5596003050989996
0,-1.4708,-2.6,0,0.17801381099865002
0,-1.4708,-2.6,3,0.6605576051474279
0,-1.4708,-2.1,0,0.7207969649407533
0,-1.4708,-2.1,3,0.27716807808987415
0,-1.4708,-0.9000000000000001,0,1.547781224613533
0,-1.4708,-0.9000000000000001,3,0.5720359663639875
0,-1.3708,-2.8,0,1.4917972120074747
0,-1.3708,-2.8,3,0.8080152919480231
0,-1.3708,-1.8,0,1.7328471364735063
0,-1.3708,-1.8,3,0.1544103687540184
0,-1.3708,-1.0,0,0.5276627082493818
0,-1.3708,-1.0,3,0.468683112551488
0,-1.2708,-2.5,0,0.8716111931157353
0,-1.2708,-2.5,3,1.159170959156354
0,-1.2708,-1.4,0,0.02413360129156608
0,-1.2708,-1.4,3,0.41263353949474335
0,-1.2708,-0.6000000000000001,0,0.06351475691872252
0,-1.2708,-0.6000000000000001,3,0.672585395329527
0,-1.2708,-0.4,0,0.23058304632926224
0,-1.2708,-0.4,3,0.7008016103501511
0,-1.1707999999999998,-2.8,0,1.080971512094992
0,-1.1707999999999998,-2.8,3,1.192767484206746
0,-1.1707999999999998,-1.9,0,0.8696831327949739
0,-1.1707999999999998,-1.9,3,0.3343642872046067
0,-1.1707999999999998,-1.4,0,0.022331094505257238
0,-1.1707999999999998,-1.4,3,0.3578053824075723
0,-1.1707999999999998,-0.4,0,0.1871455798884807
0,-1.1707999999999998,-0.4,3,0.9830667720403601
0,-0.9708,-2.3,0,0.9321462405363365
0,-0.9708,-2.3,3,0.639595941505242
0,-0.9708,-1.5000000000000002,0,1.4622373536535826
0,-0.9708,-1.5000000000000002,3,0.26847161169154876
0,-0.9708,-0.9000000000000001,0,0.9978839210220884
0,-0.9708,-0.9000000000000001,3,0.2548991121822224
0,-0.9708,-0.3,0,0.3919166773368297
0,-0.9708,-0.3,3,0.7480567810792492
0,-0.8707999999999999,-1.2,0,0.8732711908840487
0,-0.8707999999999999,-1.2,3,0.13873952587715963
0,-0.8707999999999999,-0.6000000000000001,0,0.05025158935960024
0,-0.8707999999999999,-0.6000000000000001,3,0.21460303086092047
0,-0.8707999999999999,-0.4,0,0.1440728373975567
0,-0.8707999999999999,-0.4,3,0.2867596026977792
0,-0.7707999999999999,-2.2,0,0.9165556073516347
0,-0.7707999999999999,-2.2,3,0.11761583116310394
0,-0.7707999999999999,-1.9,0,0.7235045229812239
0,-0.7707999999999999,-1.9,3,0.05891363205210618
0,-0.6708,-2.7,0,0.6272159754408823
0,-0.6708,-2.7,3,0.2811167321519522
0,-0.6708,-2.4,0,0.14336855600516443
0,-0.6708,-2.4,3,0.1252847866339891
0,-0.6708,-2.3,0,0.6694249492374004
0,-0.6708,-2.3,3,0.10747174198916504
0,-0.5708,-2.7,0,0.4994909206636275
0,-0.5708,-2.7,3,0.5802121986424149
0,-0.5708,-2.6,0,0.11134441434110982
0,-0.5708,-2.6,3,0.6631749192728864
0,-0.5708,-2.4,0,0.09525151118156462
0,-0.5708,-2.4,3,0.4204339805066384
0,-0.5708,-1.3,0,0.026184341130062384
0,-0.5708,-1.3,3,0.5248236649102516
0,-0.5708,-0.9000000000000001,0,0.6695273987651963
0,-0.5708,-0.9000000000000001,3,0.7060512890435717
0,-0.4707999999999999,-1.3,0,0.026106758686905214
0,-0.4707999999999999,-1.3,3,0.08953958645025299
0,-0.3707999999999998,-2.5,0,0.3436878445163745
0,-0.3707999999999998,-2.5,3,0.5514428774965731
0,-0.3707999999999998,-1.6,0,0.015134547645467003
0,-0.3707999999999998,-1.6,3,0.2815735251442265
0,-0.3707999999999998,-0.7,0,0.9427731946093946
0,-0.3707999999999998,-0.7,3,0.4479893265272952
0,-0.2707999999999999,-2.3,0,0.5105714026533705
0,-0.2707999999999999,-2.3,3,0.10504821546443305
0,-0.1707999999999998,-1.2,0,0.41169020463695727
0,-0.1707999999999998,-1.2,3,0.1358565625710821
0,-0.1707999999999998,-0.7,0,0.7786328439819441
0,-0.1707999999999998,-0.7,3,0.1400705941280062
0,-0.1707999999999998,-0.3,0,0.24192005317040133
0,-0.1707999999999998,-0.3,3,0.3285589606394493
0,-0.0707999999999999,-0.8,0,0.0199894089477534
0,-0.0707999999999999,-0.8,3,0.14031478441984732
0,-0.0707999999999999,-0.4,0,0.5180124056309862
0,-0.0707999999999999,-0.4,3,0.25280424397553714
0,0.0292000000000001,-2.2,0,0.7638563428362783
0,0.0292000000000001,-2.2,3,0.13884326796724916
0,0.0292000000000001,-1.7000000000000002,0,0.47255131695086694
0,0.0292000000000001,-1.7000000000000002,3,0.06363932437530957
0,0.2292,-2.3,0,0.33994941792044964
0,0.2292,-2.3,3,0.3655936927234642
0,0.2292,-1.9,0,0.39491253009315697
0,0.2292,-1.9,3,0.22525758294339734
0,0.2292,-1.8,0,0.46079520709007454
0,0.2292,-1.8,3,0.22485447336568204
0,0.2292,-1.0,0,0.303606002947998
0,0.2292,-1.0,3,0.5414957918388952
0,0.2292,-0.8,0,0.029677506533704583
0,0.2292,-0.8,3,0.7656659005976545
0,0.3292000000000001,-2.8,0,0.7596979986314943
0,0.3292000000000001,-2.8,3,0.360577922474627
0,0.3292000000000001,-2.4,0,0.26974541013475134
0,0.3292000000000001,-2.4,3,0.10610482992455483
0,0.3292000000000001,-2.3,0,0.4128139258654929
0,0.3292000000000001,-2.3,3,0.09941209559237285
0,0.3292000000000001,-2.0,0,0.06841139380863774
0,0.3292000000000001,-2.0,3,0.10668734250702998
0,0.4292,-2.5,0,0.5583107916183022
0,0.4292,-2.5,3,0.8385894462543514
0,0.4292,-2.3,0,0.5042699303115128
0,0.4292,-2.3,3,0.5156446553942088
0,0.4292,-0.3,0,0.5251326101514308
0,0.4292,-0.3,3,1.3441352766336434
0,0.6292000000000002,-2.7,0,1.1082075503438302
0,0.6292000000000002,-2.7,3,1.1603415490559388
0,0.6292000000000002,-2.1,0,0.5891766301228138
0,0.6292000000000002,-2.1,3,0.7627229847844198
0,0.6292000000000002,-1.1,0,0.046550375938440525
0,0.6292000000000002,-1.1,3,0.4864567588070331
0,0.6292000000000002,-0.7,0,0.5772932096737974
0,0.6292000000000002,-0.7,3,0.46461469589999116
0,0.6292000000000002,-0.5,0,0.046965440222676465
0,0.6292000000000002,-0.5,3,1.0622590366194278
0,0.7292000000000003,-2.5,0,0.8273934662069747
0,0.7292000000000003,-2.5,3,0.23241538254206462
0,0.7292000000000003,-2.0,0,0.09500952967263046
0,0.7292000000000003,-2.0,3,0.11036088756087528
0,0.7292000000000003,-1.7000000000000002,0,0.19297456889947354
0,0.7292000000000003,-1.7000000000000002,3,0.14723834619843068
0,0.8292000000000004,-1.5000000000000002,0,0.8185337276068533
0,0.8292000000000004,-1.5000000000000002,3,0.07302748541307792
0,0.9292,-2.7,0,2.0526503828439067
0,0.9292,-2.7,3,0.49832744915934885
0,0.9292,-0.9000000000000001,0,1.8032594887036086
0,0.9292,-0.9000000000000001,3,0.4522719079108394
0,1.0292,-0.7,0,1.1981229145056083
0,1.0292,-0.7,3,0.11366190332730015
0,1.1292000000000002,-1.9,0,1.9267208456247058
0,1.1292000000000002,-1.9,3,0.0507784381940787
0,1.2292000000000003,-0.7,0,1.4823698137631223
0,1.2292000000000003,-0.7,3,0.12153351958161236
0,1.3292000000000004,-2.8,0,2.055925102294508
0,1.3292000000000004,-2.8,3,0.4625122444408559
0,1.3292000000000004,-2.2,0,2.0354938977284522
0,1.3292000000000004,-2.2,3,0.14525965949778522
0,1.3292000000000004,-1.5000000000000002,0,0.9715142891932148
0,1.3292000000000004,-1.5000000000000002,3,0.2795335782264316
0,1.4292,-1.7000000000000002,0,0.47939048586430527
0,1.4292,-1.7000000000000002,3,0.20295169323324078
0,1.4292,-1.2,0,1.2409312366283276
0,1.4292,-1.2,3,0.07819394982057075
0,1.4292,-0.9000000000000001,0,2.4655095135206055
0,1.4292,-0.9000000000000001,3,0.12517840365390293
0,1.5292,-2.3,0,1.9070220882799964
0,1.5292,-2.3,3,0.28574804339154924
0,1.5292,-1.8,0,1.4771811712854734
0,1.5292,-1.8,3,0.21049393246805143
0,1.5292,-1.5000000000000002,0,1.1221229520369678
0,1.5292,-1.5000000000000002,3,0.23404896850457935
0,1.5292,-0.7,0,1.5533616924244047
0,1.5292,-0.7,3,0.6120050413968897
1,-1.5708,-2.1,0,2.1160662725229864
1,-1.5708,-2.1,3,0.3007537027222045
1,-1.5708,-1.9,0,1.987571005925038
1,-1.5708,-1.9,3,0.3324091552133286
1,-1.5708,-1.1,0,0.0571287604779298
1,-1.5708,-1.1,3,0.3113198271717876
1,-1.5708,-0.9000000000000001,0,0.7400533618560516
1,-1.5708,-0.9000000000000001,3,0.3531945123517027
1,-1.5708,-0.5,0,0.3968129298639397
1,-1.5708,-0.5,3,0.8063193064382357
1,-1.4708,-2.8,0,0.2867088092131066
1,-1.4708,-2.8,3,0.7420466048487663
1,-1.4708,-2.0,0,1.0856356584071305
1,-1.4708,-2.0,3,0.13917909169849693
1,-1.4708,-1.4,0,2.1101246106680747
1,-1.4708,-1.4,3,0.19666859523413935
1,-1.4708,-1.3,0,2.1797864052532456
1,-1.4708,-1.3,3,0.23244022103084638
1,-1.2708,-2.1,0,1.7841196928743437
1,-1.2708,-2.1,3,0.10600374502516782
1,-1.2708,-2.0,0,0.9856199818007191
1,-1.2708,-2.0,3,0.10956945974179053
1,-1.2708,-1.5000000000000002,0,1.2050435422521077
1,-1.2708,-1.5000000000000002,3,0.13214562963614856
1,-1.1707999999999998,-2.7,0,1.2655180511271633
1,-1.1707999999999998,-2.7,3,0.47565804579178256
1,-1.1707999999999998,-2.1,0,1.6102514429997574
1,-1.1707999999999998,-2.1,3,0.1743775321380341
1,-1.1707999999999998,-0.7,0,0.2938027269690711
1,-1.1707999999999998,-0.7,3,0.9986025863369565
1,-0.9708,-2.7,0,0.925844224518657
1,-0.9708,-2.7,3,0.6125522797052854
1,-0.9708,-2.1,0,1.224455079517673
1,-0.9708,-2.1,3,0.20021560554034443
1,-0.9708,-1.7000000000000002,0,0.576189441585348
1,-0.9708,-1.7000000000000002,3,0.2261757848450408
1,-0.9708,-0.6000000000000001,0,0.8572428064132743
1,-0.9708,-0.6000000000000001,3,0.8292482914666234
1,-0.8707999999999999,-2.8,0,0.05912171323169119
1,-0.8707999999999999,-2.8,3,0.7241603190121355
1,-0.8707999999999999,-2.7,0,0.8301012221212997
1,-0.8707999999999999,-2.7,3,0.4545107358485952
1,-0.8707999999999999,-2.2,0,0.044883595200113265
1,-0.8707999999999999,-2.2,3,0.4025461831705456
1,-0.8707999999999999,-0.8,0,0.625937160149826
1,-0.8707999999999999,-0.8,3,0.9749152304977984
1,-0.7707999999999999,-2.7,0,0.7408062846944672
1,-0.7707999999999999,-2.7,3,0.6664972293781184
1,-0.7707999999999999,-1.6,0,0.9071433995214451
1,-0.7707999999999999,-1.6,3,0.20896837125223264
1,-0.7707999999999999,-1.3,0,1.135038353683081
1,-0.7707999999999999,-1.3,3,0.2515296012158262
1,-0.7707999999999999,-0.6000000000000001,0,0.6940358835439259
1,-0.7707999999999999,-0.6000000000000001,3,0.7921680792667511
1,-0.6708,-2.1,0,1.1334346411297789
1,-0.6708,-2.1,3,0.07291551696783433
1,-0.5708,-2.8,0,0.06713832885930575
1,-0.5708,-2.8,3,1.453086502587878
1,-0.5708,-1.2,0,0.34289095415527426
1,-0.5708,-1.2,3,0.3602060580206032
1,-0.5708,-0.7,0,0.11818246298027411
1,-0.5708,-0.7,3,0.68750309157776
1,-0.5708,-0.4,0,0.27047103362371705
1,-0.5708,-0.4,3,0.9791331901332109
1,-0.2707999999999999,-2.5,0,0.018472125525190335
1,-0.2707999999999999,-2.5,3,0.11216025502410695
1,-0.1707999999999998,-2.6,0,0.2010697493018961
1,-0.1707999999999998,-2.6,3,0.31403775094983977
1,-0.1707999999999998,-2.0,0,0.6139457573148043
1,-0.1707999999999998,-2.0,3,0.11107604921474319
1,-0.1707999999999998,-1.6,0,0.45307674667862413
1,-0.1707999999999998,-1.6,3,0.18099472046987874
1,-0.0707999999999999,-2.1,0,0.7835957805338528
1,-0.0707999999999999,-2.1,3,0.09304489765186873
1,-0.0707999999999999,-1.4,0,0.6721383653447759
1,-0.0707999999999999,-1.4,3,0.13419786415400017
1,0.0292000000000001,-1.6,0,0.3300535016923068
1,0.0292000000000001,-1.6,3,0.24170176498413332
1,0.0292000000000001,-0.9000000000000001,0,0.3311816951483814
1,0.0292000000000001,-0.9000000000000001,3,0.15824914168772886
1,0.0292000000000001,-0.7,0,0.284769860289403
1,0.0292000000000001,-0.7,3,0.25075827935905864
1,0.0292000000000001,-0.5,0,0.36274870765122363
1,0.0292000000000001,-0.5,3,0.39169812730832837
1,0.1292000000000002,-1.0,0,0.45422312951951777
1,0.1292000000000002,-1.0,3,0.1345423650187287
1,0.1292000000000002,-0.8,0,0.19197728343943704
1,0.1292000000000002,-0.8,3,0.11144248922157404
1,0.1292000000000002,-0.6000000000000001,0,0.45308423135623094
1,0.1292000000000002,-0.6000000000000001,3,0.15693706870331423
1,0.1292000000000002,-0.4,0,0.10724529385651511
1,0.1292000000000002,-0.4,3,0.21386071463998121
1,0.2292,-2.7,0,0.6708699450930763
1,0.2292,-2.7,3,0.34168810735931365
1,0.2292,-2.1,0,0.8199648605875293
1,0.2292,-2.1,3,0.09357969962669103
1,0.2292,-1.5000000000000002,0,0.5193757220258352
1,0.2292,-1.5000000000000002,3,0.20502258407760426
1,0.3292000000000001,-2.7,0,0.6826945421858089
1,0.3292000000000001,-2.7,3,0.732589991251788
1,0.3292000000000001,-1.7000000000000002,0,0.32343829076570374
1,0.3292000000000001,-1.7000000000000002,3,0.3034781197706499
1,0.3292000000000001,-0.9000000000000001,0,0.49628782471956523
1,0.3292000000000001,-0.9000000000000001,3,0.559293834511382
1,0.3292000000000001,-0.8,0,0.23743808726911209
1,0.3292000000000001,-0.8,3,0.5703313190281459
1,0.4292,-2.1,0,0.8998165321756431
1,0.4292,-2.1,3,0.15786575232855454
1,0.4292,-1.9,0,0.5514633060579083
1,0.4292,-1.9,3,0.15537646242839018
1,0.4292,-1.4,0,0.5081873323964144
1,0.4292,-1.4,3,0.15029308660689847
1,0.4292,-1.2,0,0.15956842379625127
1,0.4292,-1.2,3,0.25692381775327267
1,0.5292000000000001,-1.2,0,0.30224340550750933
1,0.5292000000000001,-1.2,3,0.05864616208346358
1,0.6292000000000002,-1.7000000000000002,0,0.8023969489638936
1,0.6292000000000002,-1.7000000000000002,3,0.04426309035501895
1,0.7292000000000003,-2.7,0,1.0675122617587358
1,0.7292000000000003,-2.7,3,0.7739531518266839
1,0.7292000000000003,-2.6,0,0.1790340604202999
1,0.7292000000000003,-2.6,3,1.1684641613780011
1,0.7292000000000003,-0.8,0,0.43886831563600975
1,0.7292000000000003,-0.8,3,0.6407270894993693
1,0.7292000000000003,-0.4,0,0.32948669625160154
1,0.7292000000000003,-0.4,3,1.1805454351383018
1,0.8292000000000004,-1.9,0,0.9317762355262488
1,0.8292000000000004,-1.9,3,0.10804353682518447
1,0.8292000000000004,-1.3,0,1.1001859466738737
1,0.8292000000000004,-1.3,3,0.11214979739072552
1,0.9292,-2.1,0,1.5882686277003135
1,0.9292,-2.1,3,0.08176013963752551
1,0.9292,-2.0,0,1.6506687842628789
1,0.9292,-2.0,3,0.07679705025822217
1,0.9292,-1.5000000000000002,0,0.9886303465623805
1,0.9292,-1.5000000000000002,3,0.18558082610699694
1,1.0292,-2.4,0,0.07450915775580491
1,1.0292,-2.4,3,0.375032154004142
1,1.0292,-1.3,0,1.3131687041945002
1,1.0292,-1.3,3,0.2245515259531027
1,1.1292000000000002,-1.6,0,0.9142276460182128
1,1.1292000000000002,-1.6,3,0.06579242136101207
1,1.1292000000000002,-1.4,0,1.204032176636091
1,1.1292000000000002,-1.4,3,0.060304963091788684
1,1.2292000000000003,-2.1,0,2.496034502875537
1,1.2292000000000003,-2.1,3,0.07116452089557826
1,1.3292000000000004,-2.1,0,2.369949426540546
1,1.3292000000000004,-2.1,3,0.16972064028019823
1,1.3292000000000004,-1.8,0,0.0679662785272045
1,1.3292000000000004,-1.8,3,0.26595320519602184
1,1.3292000000000004,-1.0,0,0.31952929501694743
1,1.3292000000000004,-1.0,3,0.38679440584578884
1,1.4292,-2.7,0,2.2594258508809335
1,1.4292,-2.7,3,0.5590780716011052
1,1.4292,-1.9,0,1.256555046087161
1,1.4292,-1.9,3,0.21743753977313107
1,1.4292,-1.6,0,1.0802465436288873
1,1.4292,-1.6,3,0.19486536074744704
1,1.4292,-0.6000000000000001,0,1.5898150883599258
1,1.4292,-0.6000000000000001,3,0.9083593286739907
1,1.5292,-1.4,0,1.638452605097184
1,1.5292,-1.4,3,0.0747125427221886
1,1.5292,-1.3,0,1.862226384059041
1,1.5292,-1.3,3,0.06572976211587572
1,1.5292,-1.0,0,0.45452092691254736
1,1.5292,-1.0,3,0.13258021454365407
2,-1.5708,-2.6,0,1.7491417262827145
2,-1.5708,-2.6,3,0.2376595043322591
2,-1.5708,-1.6,0,2.6042287030231446
2,-1.5708,-1.6,3,0.15987843172714414
2,-1.4708,-2.5,0,2.1410456275005822
2,-1.4708,-2.5,3,0.515018307885249
2,-1.4708,-0.4,0,1.8594438347943867
2,-1.4708,-0.4,3,0.4965762225988336
2,-1.3708,-2.7,0,0.03103276482113137
2,-1.3708,-2.7,3,1.7004673542967796
2,-1.3708,-1.6,0,1.573357047600565
2,-1.3708,-1.6,3,0.22115677927813285
2,-1.3708,-0.9000000000000001,0,1.2048869409433705
2,-1.3708,-0.9000000000000001,3,0.4069725854225581
2,-1.3708,-0.7,0,1.5676776571635118
2,-1.3708,-0.7,3,0.5932518395996575
2,-1.3708,-0.6000000000000001,0,0.3913533148022184
2,-1.3708,-0.6000000000000001,3,0.8185672021933599
2,-1.2708,-1.0,0,1.9703624937917918
2,-1.2708,-1.0,3,0.08767938538158576
2,-1.1707999999999998,-2.5,0,1.4038721828426826
2,-1.1707999999999998,-2.5,3,0.47946663866434075
2,-1.1707999999999998,-1.5000000000000002,0,0.5741844294887589
2,-1.1707999999999998,-1.5000000000000002,3,0.2012068624752445
2,-1.1707999999999998,-0.5,0,1.1620301368068306
2,-1.1707999999999998,-0.5,3,0.7602525035029646
2,-1.0708,-2.4,0,0.6153569515316207
2,-1.0708,-2.4,3,0.9822952693380775
2,-1.0708,-2.0,0,0.6998215904474285
2,-1.0708,-2.0,3,0.4608121639700522
2,-1.0708,-1.1,0,0.6736498358980435
2,-1.0708,-1.1,3,0.30163623704382453
2,-1.0708,-0.9000000000000001,0,0.9159745037327005
2,-1.0708,-0.9000000000000001,3,0.3734632156339834
2,-1.0708,-0.4,0,0.8486895028813796
2,-1.0708,-0.4,3,0.7247714201878185
2,-0.9708,-2.6,0,0.9012377774555904
2,-0.9708,-2.6,3,0.20811849693765774
2,-0.9708,-1.8,0,0.017617856499933464
2,-0.9708,-1.8,3,0.11967730899974177
2,-0.7707999999999999,-0.5,0,0.9495936105463004
2,-0.7707999999999999,-0.5,3,0.29627811940503274
2,-0.6708,-1.5000000000000002,0,0.3009130821801901
2,-0.6708,-1.5000000000000002,3,0.06012849682135245
2,-0.6708,-1.4,0,0.7000082100384261
2,-0.6708,-1.4,3,0.07312072741182098
2,-0.5708,-1.4,0,0.7777349848148207
2,-0.5708,-1.4,3,0.08100827215028922
2,-0.4707999999999999,-2.1,0,0.1097598082839568
2,-0.4707999999999999,-2.1,3,0.06955179662113851
2,-0.3707999999999998,-2.8,0,0.365778201652695
2,-0.3707999999999998,-2.8,3,0.35587217572159974
2,-0.3707999999999998,-2.6,0,0.5149961710198079
2,-0.3707999999999998,-2.6,3,0.17324535299286264
2,-0.3707999999999998,-2.0,0,0.4817194678438984
2,-0.3707999999999998,-2.0,3,0.10286685763228844
2,-0.2707999999999999,-2.1,0,0.043190702111855175
2,-0.2707999999999999,-2.1,3,0.7747853974966642
2,-0.2707999999999999,-0.8,0,0.47839421920034786
2,-0.2707999999999999,-0.8,3,0.3577467054055649
2,-0.2707999999999999,-0.4,0,0.4472147072742099
2,-0.2707999999999999,-0.4,3,0.4341981162717735
2,-0.1707999999999998,-2.8,0,0.2481758670082942
2,-0.1707999999999998,-2.8,3,0.5148437953033614
2,-0.1707999999999998,-1.7000000000000002,0,0.4053114761347285
2,-0.1707999999999998,-1.7000000000000002,3,0.1588712365521854
2,-0.1707999999999998,-1.5000000000000002,0,0.23200183819433876
2,-0.1707999999999998,-1.5000000000000002,3,0.2029961043606101
2,-0.0707999999999999,-2.5,0,0.5644327890331126
2,-0.0707999999999999,-2.5,3,0.5208809794186293
2,-0.0707999999999999,-2.3,0,0.21107082022703305
2,-0.0707999999999999,-2.3,3,0.5277427417281502
2,-0.0707999999999999,-1.9,0,0.49277681242739924
2,-0.0707999999999999,-1.9,3,0.3367418604489576
2,-0.0707999999999999,-0.5,0,0.3746542264080928
2,-0.0707999999999999,-0.5,3,1.066534743457611
2,0.0292000000000001,-0.4,0,0.5712984744303795
2,0.0292000000000001,-0.4,3,0.190928496999715
2,0.1292000000000002,-2.8,0,0.13508247709193397
2,0.1292000000000002,-2.8,3,1.106742915380605
2,0.1292000000000002,-2.3,0,0.13750980676984764
2,0.1292000000000002,-2.3,3,0.5646176070827597
2,0.1292000000000002,-2.1,0,0.07137293399265413
2,0.1292000000000002,-2.1,3,0.4150047370955318
2,0.1292000000000002,-1.1,0,0.2883323165937366
2,0.1292000000000002,-1.1,3,0.45946725857684795
2,0.1292000000000002,-0.7,0,0.4191821210650354
2,0.1292000000000002,-0.7,3,0.7974473349190221
2,0.2292,-2.5,0,0.6952494698796268
2,0.2292,-2.5,3,0.32504585143084347
2,0.2292,-1.6,0,0.6511011222418582
2,0.2292,-1.6,3,0.10993714703715783
2,0.2292,-1.3,0,0.18278690892208593
2,0.2292,-1.3,3,0.23961519740093767
2,0.3292000000000001,-0.6000000000000001,0,0.8047290739964336
2,0.3292000000000001,-0.6000000000000001,3,0.16705006577743592
2,0.4292,-2.6,0,0.624760412254018
2,0.4292,-2.6,3,1.2252753002683727
2,0.4292,-2.2,0,0.16051267277215314
2,0.4292,-2.2,3,0.8029987421693466
2,0.4292,-1.5000000000000002,0,0.4245566399827226
2,0.4292,-1.5000000000000002,3,0.37579640091307565
2,0.4292,-1.0,0,0.3849236712394798
2,0.4292,-1.0,3,0.47722216193767375
2,0.4292,-0.5,0,0.4418032295047672
2,0.4292,-0.5,3,0.8167858453453245
2,0.4292,-0.4,0,0.49356188017748875
2,0.4292,-0.4,3,0.8154300158451364
2,0.5292000000000001,-1.6,0,0.896565708018251
2,0.5292000000000001,-1.6,3,0.11480061796031907
2,0.5292000000000001,-0.9000000000000001,0,1.1371452791290948
2,0.5292000000000001,-0.9000000000000001,3,0.1253745621763098
2,0.7292000000000003,-2.2,0,0.13542844048963415
2,0.7292000000000003,-2.2,3,0.26148822624693263
2,0.7292000000000003,-1.6,0,0.9728637189301664
2,0.7292000000000003,-1.6,3,0.11131086743327517
2,0.7292000000000003,-1.3,0,0.11855308555086089
2,0.7292000000000003,-1.3,3,0.2084331845298009
2,0.8292000000000004,-2.4,0,1.0317502519503237
2,0.8292000000000004,-2.4,3,0.5236764867486163
2,0.8292000000000004,-1.1,0,0.9129783779268118
2,0.8292000000000004,-1.1,3,0.3144166648485107
2,0.9292,-2.5,0,1.1056074185493503
2,0.9292,-2.5,3,0.4394223570407978
2,0.9292,-2.2,0,0.11819999284906332
2,0.9292,-2.2,3,0.3064424588182382
2,0.9292,-1.6,0,0.9841331225512687
2,0.9292,-1.6,3,0.20631684059502975
2,0.9292,-1.3,0,0.1310628583535974
2,0.9292,-1.3,3,0.4035434992287218
2,0.9292,-0.7,0,0.6569419344760726
2,0.9292,-0.7,3,0.9550171446643149
2,1.0292,-1.9,0,0.27560555021163374
2,1.0292,-1.9,3,0.6832937943310705
2,1.0292,-1.0,0,0.8487478694122348
2,1.0292,-1.0,3,0.27405752622899854
2,1.0292,-0.5,0,1.078848695833234
2,1.0292,-0.5,3,0.46541562067060843
2,1.0292,-0.3,0,0.056655911265584835
2,1.0292,-0.3,3,0.7930701391043946
2,1.1292000000000002,-0.7,0,1.3809288851536512
2,1.1292000000000002,-0.7,3,0.16288856522536205
2,1.2292000000000003,-2.8,0,0.5299534684569798
2,1.2292000000000003,-2.8,3,0.9715456601796406
2,1.2292000000000003,-2.6,0,1.3523009826140355
2,1.2292000000000003,-2.6,3,0.6506941114978583
2,1.2292000000000003,-2.5,0,1.280296480316254
2,1.2292000000000003,-2.5,3,0.5325447462966693
2,1.2292000000000003,-2.3,0,0.3732261882456683
2,1.2292000000000003,-2.3,3,0.495912098991725
2,1.2292000000000003,-1.7000000000000002,0,0.2873176917613591
2,1.2292000000000003,-1.7000000000000002,3,0.39927350413844503
2,1.2292000000000003,-0.9000000000000001,0,1.1970790976104335
2,1.2292000000000003,-0.9000000000000001,3,0.9135099670151273
2,1.2292000000000003,-0.8,0,0.2740630413157028
2,1.2292000000000003,-0.8,3,1.2584525477178943
2,1.3292000000000004,-1.9,0,0.6545148844733644
2,1.3292000000000004,-1.9,3,0.04428275956415983
2,1.4292,-2.0,0,1.6436867337398207
2,1.4292,-2.0,3,0.47558676351681517
2,1.4292,-1.4,0,1.4929436582967897
2,1.4292,-1.4,3,0.26872791467369467
2,1.4292,-0.4,0,2.088625516172305
2,1.4292,-0.4,3,0.576875110304154
2,1.5292,-2.2,0,0.553796160392388
2,1.5292,-2.2,3,0.07702307505956159
3,-1.5708,-1.7000000000000002,0,1.7202093628857127
3,-1.5708,-1.7000000000000002,3,0.16806680262573404
3,-1.5708,-1.3,0,0.6706868895487919
3,-1.5708,-1.3,3,0.1161840078089319
3,-1.5708,-0.8,0,2.336099352431575
3,-1.5708,-0.8,3,0.25438276152368194
3,-1.4708,-1.6,0,1.5532243460938173
3,-1.4708,-1.6,3,0.13138161358645475
3,-1.4708,-0.7,0,0.27805615978322606
3,-1.4708,-0.7,3,0.3798121018631122
3,-1.4708,-0.6000000000000001,0,1.4586580750554194
3,-1.4708,-0.6000000000000001,3,0.5027856380187465
3,-1.3708,-2.4,0,1.7044366965070203
3,-1.3708,-2.4,3,0.2683331322326299
3,-1.3708,-1.4,0,1.1468705235767347
3,-1.3708,-1.4,3,0.17313838228951764
3,-1.3708,-1.1,0,1.4534446365162585
3,-1.3708,-1.1,3,0.2105647290138854
3,-1.2708,-2.4,0,1.675734653940339
3,-1.2708,-2.4,3,0.6482336902195193
3,-1.2708,-0.3,0,0.8091597000940315
3,-1.2708,-0.3,3,0.8607278453411661
3,-1.0708,-1.9,0,0.016705922307990735
3,-1.0708,-1.9,3,0.41987128869696855
3,-1.0708,-0.7,0,0.13875870956466513
3,-1.0708,-0.7,3,0.43688565641012506
3,-0.9708,-2.5,0,1.395357059645993
3,-0.9708,-2.5,3,0.4586371069499562
3,-0.9708,-1.4,0,0.7455719643797211
3,-0.9708,-1.4,3,0.2173517291915096
3,-0.9708,-1.1,0,0.94362541926328
3,-0.9708,-1.1,3,0.24236698835515416
3,-0.8707999999999999,-2.6,0,1.6443772891623971
3,-0.8707999999999999,-2.6,3,0.20648874068112652
3,-0.8707999999999999,-2.0,0,0.28267432265118597
3,-0.8707999999999999,-2.0,3,0.09207632884970703
3,-0.7707999999999999,-2.4,0,0.6828478216848586
3,-0.7707999999999999,-2.4,3,0.8629952598316327
3,-0.7707999999999999,-2.1,0,0.5939691789819483
3,-0.7707999999999999,-2.1,3,0.9749288596772422
3,-0.7707999999999999,-1.1,0,0.5944264831030933
3,-0.7707999999999999,-1.1,3,0.27940423831939043
3,-0.7707999999999999,-0.9000000000000001,0,0.2909276827063166
3,-0.7707999999999999,-0.9000000000000001,3,0.37786576715528986
3,-0.7707999999999999,-0.8,0,0.8503142260379797
3,-0.7707999999999999,-0.8,3,0.46128829623251133
3,-0.7707999999999999,-0.3,0,0.2734917204850477
3,-0.7707999999999999,-0.3,3,0.9547686804339256
3,-0.6708,-1.0,0,0.3209325842715423
3,-0.6708,-1.0,3,0.08918907299328863
3,-0.6708,-0.9000000000000001,0,0.2998022772696253
3,-0.6708,-0.9000000000000001,3,0.08455093361994097
3,-0.6708,-0.6000000000000001,0,0.6003703509498237
3,-0.6708,-0.6000000000000001,3,0.21191920459425184
3,-0.6708,-0.4,0,0.02108939652068763
3,-0.6708,-0.4,3,0.26272443479598434
3,-0.5708,-2.3,0,0.4600610171613011
3,-0.5708,-2.3,3,0.3548785408777807
3,-0.5708,-2.0,0,0.12846822776607797
3,-0.5708,-2.0,3,0.21318042359498576
3,-0.5708,-0.5,0,0.3228216589178749
3,-0.5708,-0.5,3,1.174597270823081
3,-0.4707999999999999,-1.6,0,0.5455349607592684
3,-0.4707999999999999,-1.6,3,0.18004675916351864
3,-0.4707999999999999,-0.9000000000000001,0,0.2580732422790064
3,-0.4707999999999999,-0.9000000000000001,3,0.18728922192088537
3,-0.4707999999999999,-0.7,0,0.2274955070949379
3,-0.4707999999999999,-0.7,3,0.3703340629954362
3,-0.3707999999999998,-2.2,0,0.1780633725690577
3,-0.3707999999999998,-2.2,3,0.21988756047277735
3,-0.3707999999999998,-1.1,0,0.653605993518676
3,-0.3707999999999998,-1.1,3,0.17323920441688875
3,-0.2707999999999999,-2.2,0,0.09485624997911889
3,-0.2707999999999999,-2.2,3,0.3924877259554234
3,-0.2707999999999999,-1.8,0,0.15768972714836624
3,-0.2707999999999999,-1.8,3,0.20704492206249536
3,-0.2707999999999999,-1.2,0,0.3009528634115719
3,-0.2707999999999999,-1.2,3,0.19356543174799223
3,-0.2707999999999999,-1.1,0,0.48455244592377933
3,-0.2707999999999999,-1.1,3,0.1817025574814974
3,-0.2707999999999999,-1.0,0,0.1310346538325656
3,-0.2707999999999999,-1.0,3,0.2739315972215153
3,-0.1707999999999998,-2.2,0,0.0999195116056575
3,-0.1707999999999998,-2.2,3,0.23962069752143073
3,-0.1707999999999998,-0.9000000000000001,0,0.2607919392044574
3,-0.1707999999999998,-0.9000000000000001,3,0.2880506474548706
3,-0.0707999999999999,-2.4,0,0.6000404184704574
3,-0.0707999999999999,-2.4,3,0.12342505110536274
3,-0.0707999999999999,-1.8,0,0.1727532590733432
3,-0.0707999999999999,-1.8,3,0.09575702093522831
3,0.0292000000000001,-2.8,0,0.3226526220128183
3,0.0292000000000001,-2.8,3,1.0966940906744727
3,0.0292000000000001,-1.0,0,0.1653909086960868
3,0.0292000000000001,-1.0,3,0.31775074969160316
3,0.1292000000000002,-1.7000000000000002,0,0.5461927468827603
3,0.1292000000000002,-1.7000000000000002,3,0.05252117547362679
3,0.1292000000000002,-1.6,0,0.5003580793802428
3,0.1292000000000002,-1.6,3,0.061662403436022396
3,0.1292000000000002,-1.3,0,0.46135087114434725
3,0.1292000000000002,-1.3,3,0.10564269207913528
3,0.2292,-2.4,0,0.5807654377024917
3,0.2292,-2.4,3,0.4510852072412109
3,0.2292,-2.0,0,0.23747024262414712
3,0.2292,-2.0,3,0.44091450004498595
3,0.2292,-1.4,0,0.5496212271171825
3,0.2292,-1.4,3,0.3729567556718153
3,0.2292,-0.5,0,0.12386487175633659
3,0.2292,-0.5,3,1.2028597060938395
3,0.3292000000000001,-2.5,0,0.5645040682368283
3,0.3292000000000001,-2.5,3,0.09550409655692975
3,0.3292000000000001,-2.2,0,0.1627743978604428
3,0.3292000000000001,-2.2,3,0.07670547716459009
3,0.4292,-2.7,0,0.040608487191301224
3,0.4292,-2.7,3,0.25006375286074217
3,0.4292,-2.4,0,0.8376954438129485
3,0.4292,-2.4,3,0.09921455513831123
3,0.5292000000000001,-2.2,0,0.2602561437032432
3,0.5292000000000001,-2.2,3,0.5772135208378649
3,0.5292000000000001,-1.0,0,0.3409105420070948
3,0.5292000000000001,-1.0,3,0.2537933840545871
3,0.5292000000000001,-0.5,0,0.24974289011285009
3,0.5292000000000001,-0.5,3,0.5978165405893505
3,0.7292000000000003,-2.4,0,0.990168958111172
3,0.7292000000000003,-2.4,3,0.6619502246890093
3,0.7292000000000003,-1.8,0,0.28578259552479907
3,0.7292000000000003,-1.8,3,0.4926403296434492
3,0.7292000000000003,-0.9000000000000001,0,0.7689723526199228
3,0.7292000000000003,-0.9000000000000001,3,0.36700357996083804
3,0.7292000000000003,-0.3,0,0.9461279338919143
3,0.7292000000000003,-0.3,3,0.9333489705386185
3,0.8292000000000004,-2.6,0,0.501405813125152
3,0.8292000000000004,-2.6,3,0.5405411022179016
3,0.8292000000000004,-2.5,0,0.6146395499235856
3,0.8292000000000004,-2.5,3,0.39708727674189204
3,0.8292000000000004,-1.6,0,0.8956640228757864
3,0.8292000000000004,-1.6,3,0.23003689040052355
3,0.8292000000000004,-1.2,0,0.23673141698098984
3,0.8292000000000004,-1.2,3,0.4525986015205075
3,0.9292,-2.8,0,0.2131395313733763
3,0.9292,-2.8,3,0.9367375895833029
3,0.9292,-2.4,0,1.2434430076149927
3,0.9292,-2.4,3,0.33757819624251295
3,0.9292,-2.3,0,0.43433411859953563
3,0.9292,-2.3,3,0.523010599554957
3,0.9292,-0.8,0,1.148888865789502
3,0.9292,-0.8,3,1.127513761004512
3,1.0292,-2.5,0,0.6604578934591584
3,1.0292,-2.5,3,0.6304587572363941
3,1.0292,-1.7000000000000002,0,0.8769760454132199
3,1.0292,-1.7000000000000002,3,0.17922265674480875
3,1.0292,-1.4,0,1.177228442684893
3,1.0292,-1.4,3,0.19033911642544582
3,1.0292,-1.2,0,0.27925155704134386
3,1.0292,-1.2,3,0.26254221537475775
3,1.0292,-1.1,0,1.4805662612821113
3,1.0292,-1.1,3,0.236300157033876
3,1.2292000000000003,-1.1,0,2.3699099152338077
3,1.2292000000000003,-1.1,3,0.06620134211443345
3,1.2292000000000003,-0.6000000000000001,0,1.83405681036804
3,1.2292000000000003,-0.6000000000000001,3,0.23266978420181772
3,1.3292000000000004,-2.6,0,1.2371487849570708
3,1.3292000000000004,-2.6,3,0.11192479717396912
3,1.5292,-2.1,0,1.3199800140342466
3,1.5292,-2.1,3,0.43818024703888153
3,1.5292,-0.8,0,2.4618400975114936
3,1.5292,-0.8,3,0.4643711335293156
4,-1.5708,-1.4,0,2.7958630314939117
4,-1.5708,-1.4,3,0.06788460737915107
4,-1.4708,-1.9,0,1.0902451744220298
4,-1.4708,-1.9,3,0.15622164501957514
4,-1.4708,-1.0,0,1.6161234935748963
4,-1.4708,-1.0,3,0.1658018243397217
4,-1.2708,-2.8,0,1.3181392444743354
4,-1.2708,-2.8,3,0.8162741874303343
4,-1.2708,-1.9,0,0.7582933917165816
4,-1.2708,-1.9,3,0.21707765904561546
4,-1.2708,-0.5,0,0.8991388156412524
4,-1.2708,-0.5,3,1.0282010642105053
4,-1.1707999999999998,-2.3,0,0.03779764425871458
4,-1.1707999999999998,-2.3,3,0.46824514792019534
4,-1.1707999999999998,-1.6,0,0.021703923513800863
4,-1.1707999999999998,-1.6,3,0.177260761202562
4,-1.1707999999999998,-0.9000000000000001,0,0.3491273446572578
4,-1.1707999999999998,-0.9000000000000001,3,0.4580573262420179
4,-1.0708,-2.7,0,1.7397083679903889
4,-1.0708,-2.7,3,0.6910151563439778
4,-1.0708,-1.4,0,1.2971503698669156
4,-1.0708,-1.4,3,0.1479549914779678
4,-1.0708,-1.3,0,0.026758717198192512
4,-1.0708,-1.3,3,0.21238038283126667
4,-0.9708,-2.4,0,0.8119545358126662
4,-0.9708,-2.4,3,0.797313594137212
4,-0.9708,-2.0,0,1.1376996608514842
4,-0.9708,-2.0,3,0.3002578732701716
4,-0.9708,-1.0,0,0.773048419285096
4,-0.9708,-1.0,3,0.28714395914783825
4,-0.9708,-0.7,0,0.30629462444522937
4,-0.9708,-0.7,3,0.6296651514685658
4,-0.8707999999999999,-2.3,0,0.04753131701153149
4,-0.8707999999999999,-2.3,3,0.29625291370036116
4,-0.8707999999999999,-1.9,0,0.5085985541078977
4,-0.8707999999999999,-1.9,3,0.09515124105065222
4,-0.8707999999999999,-1.3,0,0.03562999009872217
4,-0.8707999999999999,-1.3,3,0.22499218431489432
4,-0.7707999999999999,-2.6,0,0.25082214666137337
4,-0.7707999999999999,-2.6,3,0.6051413894581059
4,-0.7707999999999999,-2.5,0,0.21299705031002356
4,-0.7707999999999999,-2.5,3,0.5238221825532872
4,-0.7707999999999999,-2.0,0,0.8154846742932629
4,-0.7707999999999999,-2.0,3,0.14757444161443936
4,-0.7707999999999999,-1.7000000000000002,0,0.6318631272356919
4,-0.7707999999999999,-1.7000000000000002,3,0.1580103805018404
4,-0.7707999999999999,-1.0,0,0.5934188075819278
4,-0.7707999999999999,-1.0,3,0.48064867221234586
4,-0.6708,-1.1,0,0.7345736979698654
4,-0.6708,-1.1,3,0.06944821676848956
4,-0.6708,-0.5,0,0.5324921699974026
4,-0.6708,-0.5,3,0.32807822290740496
4,-0.5708,-2.2,0,0.5727774650266813
4,-0.5708,-2.2,3,0.0675249708128497
4,-0.4707999999999999,-2.8,0,0.5584199455096562
4,-0.4707999999999999,-2.8,3,0.935953387804923
4,-0.4707999999999999,-1.2,0,0.7199310778138012
4,-0.4707999999999999,-1.2,3,0.2729579054536984
4,-0.4707999999999999,-0.5,0,0.40530411344175216
4,-0.4707999999999999,-0.5,3,0.82291752586569
4,-0.3707999999999998,-2.1,0,0.022993101670133523
4,-0.3707999999999998,-2.1,3,0.08753514823262794
4,-0.3707999999999998,-1.9,0,0.4740721674510411
4,-0.3707999999999998,-1.9,3,0.06288247243777953
4,-0.3707999999999998,-1.7000000000000002,0,0.49021681643809395
4,-0.3707999999999998,-1.7000000000000002,3,0.07250322422590379
4,-0.2707999999999999,-2.6,0,0.1751624008989594
4,-0.2707999999999999,-2.6,3,0.2763447468907062
4,-0.2707999999999999,-2.0,0,0.5782213715761795
4,-0.2707999999999999,-2.0,3,0.0829079704277843
4,-0.1707999999999998,-1.8,0,0.4804187642235509
4,-0.1707999999999998,-1.8,3,0.04597483837730979
4,0.0292000000000001,-2.1,0,0.04648908315551792
4,0.0292000000000001,-2.1,3,0.619014488425205
4,0.0292000000000001,-2.0,0,0.38823274614297126
4,0.0292000000000001,-2.0,3,0.33132606163273803
4,0.0292000000000001,-1.8,0,0.23122771799270633
4,0.0292000000000001,-1.8,3,0.2769011426270199
4,0.0292000000000001,-0.3,0,0.3705395966719296
4,0.0292000000000001,-0.3,3,0.7327252402324166
4,0.1292000000000002,-2.4,0,0.3788235397882803
4,0.1292000000000002,-2.4,3,0.8074057159379829
4,0.1292000000000002,-1.8,0,0.2093144502430774
4,0.1292000000000002,-1.8,3,0.2977659563004924
4,0.1292000000000002,-0.3,0,0.33075954951534015
4,0.1292000000000002,-0.3,3,0.6866397923881644
4,0.2292,-1.7000000000000002,0,0.34143517731095274
4,0.2292,-1.7000000000000002,3,0.19366328183713913
4,0.2292,-1.1,0,0.2772707228512815
4,0.2292,-1.1,3,0.16372157576372026
4,0.2292,-0.9000000000000001,0,0.39092901051366225
4,0.2292,-0.9000000000000001,3,0.27666274344743436
4,0.2292,-0.6000000000000001,0,0.22107334208613558
4,0.2292,-0.6000000000000001,3,0.4912902045276053
4,0.3292000000000001,-0.3,0,0.28758890862198827
4,0.3292000000000001,-0.3,3,0.1378640183117461
4,0.4292,-2.8,0,0.67547845665217
4,0.4292,-2.8,3,0.8135357042419077
4,0.4292,-0.7,0,0.6234947925033583
4,0.4292,-0.7,3,0.8723713644273879
4,0.5292000000000001,-2.6,0,0.37328251255255185
4,0.5292000000000001,-2.6,3,0.9700509375292798
4,0.5292000000000001,-2.5,0,0.3160176430675503
4,0.5292000000000001,-2.5,3,0.9429271086192659
4,0.5292000000000001,-2.0,0,0.5072240183544474
4,0.5292000000000001,-2.0,3,0.3336009370207479
4,0.5292000000000001,-0.3,0,0.19903353712632843
4,0.5292000000000001,-0.3,3,0.9608997091487481
4,0.6292000000000002,-1.8,0,0.20595343946560576
4,0.6292000000000002,-1.8,3,0.3027052593068937
4,0.6292000000000002,-1.0,0,1.2152496815697666
4,0.6292000000000002,-1.0,3,0.16400634962176663
4,0.6292000000000002,-0.3,0,0.2099764553996597
4,0.6292000000000002,-0.3,3,0.35152154607481484
4,0.7292000000000003,-0.6000000000000001,0,0.2100963828474494
4,0.7292000000000003,-0.6000000000000001,3,0.1822029051531838
4,0.8292000000000004,-2.0,0,0.7953488564127574
4,0.8292000000000004,-2.0,3,0.4104913501627518
4,0.8292000000000004,-0.6000000000000001,0,0.17832333924656651
4,0.8292000000000004,-0.6000000000000001,3,0.40270978059222734
4,0.8292000000000004,-0.3,0,0.27111279840186564
4,0.8292000000000004,-0.3,3,0.3646168785887384
4,0.9292,-1.9,0,1.5275947253497715
4,0.9292,-1.9,3,0.22709894650571988
4,0.9292,-1.8,0,0.31486208684725225
4,0.9292,-1.8,3,0.1702231272655481
4,0.9292,-1.4,0,1.117252732124619
4,0.9292,-1.4,3,0.1636118519984823
4,0.9292,-1.2,0,0.28631843382402694
4,0.9292,-1.2,3,0.2211993971409696
4,0.9292,-0.5,0,1.0453653007556993
4,0.9292,-0.5,3,0.8219321168893535
4,1.0292,-2.8,0,1.1351675274112512
4,1.0292,-2.8,3,0.3863062212536999
4,1.0292,-2.2,0,0.5849371230011178
4,1.0292,-2.2,3,0.1112937118108894
4,1.0292,-1.8,0,0.4517125607016918
4,1.0292,-1.8,3,0.1180732167891625
4,1.1292000000000002,-2.7,0,0.7311908278060352
4,1.1292000000000002,-2.7,3,1.8325577938456965
4,1.1292000000000002,-1.2,0,0.36138921838648447
4,1.1292000000000002,-1.2,3,0.3143945544659448
4,1.1292000000000002,-1.1,0,0.6563458887779533
4,1.1292000000000002,-1.1,3,0.32127271454502315
4,1.1292000000000002,-1.0,0,1.6045999597023142
4,1.1292000000000002,-1.0,3,0.28367750290996574
4,1.1292000000000002,-0.3,0,0.3925142495951044
4,1.1292000000000002,-0.3,3,0.5529839881907708
4,1.2292000000000003,-1.5000000000000002,0,0.13792464051244205
4,1.2292000000000003,-1.5000000000000002,3,0.048450322778803026
4,1.2292000000000003,-1.4,0,2.128657384309962
4,1.2292000000000003,-1.4,3,0.06920382684672291
4,1.3292000000000004,-1.7000000000000002,0,1.457793628717383
4,1.3292000000000004,-1.7000000000000002,3,0.17726081799140472
4,1.3292000000000004,-0.8,0,0.07050973971666906
4,1.3292000000000004,-0.8,3,0.32056138377290294
4,1.4292,-2.4,0,1.6140748447168727
4,1.4292,-2.4,3,0.21917437222134237
4,1.4292,-1.5000000000000002,0,0.25629381837650816
4,1.4292,-1.5000000000000002,3,0.17471627213801724
4,1.5292,-2.7,0,1.3504115902760427
4,1.5292,-2.7,3,1.239290906531235
4,1.5292,-2.0,0,1.8483100235839949
4,1.5292,-2.0,3,0.44136058532607597
4,1.5292,-0.3,0,0.9143713692463693
4,1.5292,-0.3,3,0.9288226656924362
5,-1.5708,-2.5,0,1.547921149207889
5,-1.5708,-2.5,3,0.39224990152856304
5,-1.5708,-1.0,0,0.5235652073020158
5,-1.5708,-1.0,3,0.45886893868779766
5,-1.4708,-1.8,0,1.7173502394032054
5,-1.4708,-1.8,3,0.09592416005196519
5,-1.4708,-1.7000000000000002,0,1.0257640562764183
5,-1.4708,-1.7000000000000002,3,0.10823402302366852
5,-1.4708,-1.2,0,0.9041415322171177
5,-1.4708,-1.2,3,0.18516610222953814
5,-1.4708,-1.1,0,0.339128716402692
5,-1.4708,-1.1,3,0.23926207124590232
5,-1.3708,-2.6,0,1.2977147650646843
5,-1.3708,-2.6,3,0.5374647966657966
5,-1.3708,-2.1,0,1.9413879296362724
5,-1.3708,-2.1,3,0.16529391345654668
5,-1.3708,-1.3,0,1.5483287017559642
5,-1.3708,-1.3,3,0.2084226984596578
5,-1.2708,-2.7,0,1.5701370784635367
5,-1.2708,-2.7,3,0.6484830777692004
5,-1.2708,-1.3,0,1.3994889899903984
5,-1.2708,-1.3,3,0.1795407012540397
5,-1.2708,-1.2,0,0.8686411845042277
5,-1.2708,-1.2,3,0.2643702092633431
5,-1.1707999999999998,-2.0,0,0.8120144119409369
5,-1.1707999999999998,-2.0,3,0.6539503703648337
5,-1.1707999999999998,-1.8,0,1.2815487029859232
5,-1.1707999999999998,-1.8,3,0.38961224447457166
5,-1.1707999999999998,-1.0,0,0.2171656158881222
5,-1.1707999999999998,-1.0,3,0.45510705617308733
5,-1.1707999999999998,-0.3,0,0.40801369660678544
5,-1.1707999999999998,-0.3,3,0.9055625952443637
5,-1.0708,-1.8,0,1.4156096686854827
5,-1.0708,-1.8,3,0.1495820927221783
5,-1.0708,-0.8,0,1.5311845366960257
5,-1.0708,-0.8,3,0.23400873344134684
5,-0.9708,-0.5,0,3.038932964857054
5,-0.9708,-0.5,3,0.22472107421511425
5,-0.8707999999999999,-2.4,0,0.5475459056095355
5,-0.8707999999999999,-2.4,3,0.565973852711766
5,-0.8707999999999999,-1.5000000000000002,0,0.9062747516331933
5,-0.8707999999999999,-1.5000000000000002,3,0.15286640495622258
5,-0.8707999999999999,-1.4,0,0.42256543189476775
5,-0.8707999999999999,-1.4,3,0.25147636935911793
5,-0.8707999999999999,-1.1,0,0.14662693600775442
5,-0.8707999999999999,-1.1,3,0.3450455480350309
5,-0.7707999999999999,-1.5000000000000002,0,1.1201047141475495
5,-0.7707999999999999,-1.5000000000000002,3,0.0618154519007501
5,-0.6708,-2.5,0,0.5084684126645761
5,-0.6708,-2.5,3,0.22886970622561145
5,-0.6708,-2.2,0,0.017592031602054966
5,-0.6708,-2.2,3,0.12316737071768032
5,-0.6708,-2.0,0,0.46634046941279234
5,-0.6708,-2.0,3,0.07927516483655818
5,-0.6708,-1.9,0,0.027403272956023173
5,-0.6708,-1.9,3,0.10750863404720094
5,-0.5708,-1.7000000000000002,0,0.6423117318377388
5,-0.5708,-1.7000000000000002,3,0.15927807339420694
5,-0.5708,-0.8,0,0.8718790515574193
5,-0.5708,-0.8,3,0.2492013697862333
5,-0.4707999999999999,-2.4,0,0.46199060482870247
5,-0.4707999999999999,-2.4,3,0.1433610899097085
5,-0.4707999999999999,-1.9,0,0.025350898942092845
5,-0.4707999999999999,-1.9,3,0.13880078124876835
5,-0.3707999999999998,-1.8,0,0.9458250433121762
5,-0.3707999999999998,-1.8,3,0.051279211742598876
5,-0.2707999999999999,-0.9000000000000001,0,0.6022650277931823
5,-0.2707999999999999,-0.9000000000000001,3,0.11138654503204931
5,-0.2707999999999999,-0.3,0,0.1909728214819196
5,-0.2707999999999999,-0.3,3,0.21382948054129464
5,-0.1707999999999998,-1.1,0,0.43228448555169896
5,-0.1707999999999998,-1.1,3,0.08814247111687219
5,-0.1707999999999998,-0.5,0,1.2357793605776892
5,-0.1707999999999998,-0.5,3,0.26350064729546274
5,-0.0707999999999999,-2.7,0,0.328995515164655
5,-0.0707999999999999,-2.7,3,1.0835194961214274
5,-0.0707999999999999,-2.0,0,0.3095623266172998
5,-0.0707999999999999,-2.0,3,0.36376717981966655
5,-0.0707999999999999,-1.3,0,0.44820902912715693
5,-0.0707999999999999,-1.3,3,0.21893383197805577
5,-0.0707999999999999,-1.0,0,0.3916667204121346
5,-0.0707999999999999,-1.0,3,0.4187004050699949
5,-0.0707999999999999,-0.9000000000000001,0,0.2846510581503342
5,-0.0707999999999999,-0.9000000000000001,3,0.37500001149870754
5,-0.0707999999999999,-0.6000000000000001,0,0.01575535773125472
5,-0.0707999999999999,-0.6000000000000001,3,0.9972100780989067
5,0.0292000000000001,-2.7,0,0.5000429139438023
5,0.0292000000000001,-2.7,3,0.7071404994665504
5,0.0292000000000001,-0.8,0,0.557554005910723
5,0.0292000000000001,-0.8,3,0.3927056415335663
5,0.1292000000000002,-1.5000000000000002,0,0.3897872452892305
5,0.1292000000000002,-1.5000000000000002,3,0.08911249147084262
5,0.1292000000000002,-0.9000000000000001,0,0.2933470892232905
5,0.1292000000000002,-0.9000000000000001,3,0.12181323024953239
5,0.2292,-0.3,0,0.5027175911231793
5,0.2292,-0.3,3,0.1189571324083704
5,0.3292000000000001,-1.8,0,1.0371244108885735
5,0.3292000000000001,-1.8,3,0.05267410344597396
5,0.3292000000000001,-1.6,0,0.3993020183226638
5,0.3292000000000001,-1.6,3,0.038766643245163226
5,0.5292000000000001,-2.7,0,0.42968417369037853
5,0.5292000000000001,-2.7,3,1.0129989899178806
5,0.5292000000000001,-2.3,0,0.12621754802068116
5,0.5292000000000001,-2.3,3,0.6936508431186258
5,0.5292000000000001,-1.5000000000000002,0,0.3685690139250877
5,0.5292000000000001,-1.5000000000000002,3,0.202927165103699
5,0.5292000000000001,-1.4,0,0.25382723333971635
5,0.5292000000000001,-1.4,3,0.3024244658665175
5,0.5292000000000001,-1.3,0,0.6705582949879999
5,0.5292000000000001,-1.3,3,0.25289887675177686
5,0.5292000000000001,-0.7,0,0.15557961380810692
5,0.5292000000000001,-0.7,3,0.7570325365219353
5,0.6292000000000002,-0.9000000000000001,0,0.28517643399718423
5,0.6292000000000002,-0.9000000000000001,3,0.08381589121035465
5,0.7292000000000003,-1.5000000000000002,0,0.7722703704683007
5,0.7292000000000003,-1.5000000000000002,3,0.05599187933404754
5,0.8292000000000004,-2.1,0,0.8866767567842881
5,0.8292000000000004,-2.1,3,0.3069507627123866
5,0.8292000000000004,-1.8,0,1.4939804703996067
5,0.8292000000000004,-1.8,3,0.1406757795569929
5,0.8292000000000004,-0.9000000000000001,0,0.3228088637373174
5,0.8292000000000004,-0.9000000000000001,3,0.34342821241693605
5,0.9292,-2.6,0,1.3039580893750407
5,0.9292,-2.6,3,0.31498185949510354
5,0.9292,-1.7000000000000002,0,1.5455671787020286
5,0.9292,-1.7000000000000002,3,0.1907998654037364
5,1.0292,-2.0,0,1.368082034625287
5,1.0292,-2.0,3,0.510870845216692
5,1.0292,-0.8,0,1.0489699686224812
5,1.0292,-0.8,3,0.2840941989089783
5,1.0292,-0.4,0,0.10864555812829214
5,1.0292,-0.4,3,0.8267721787681851
5,1.1292000000000002,-2.5,0,1.6765975347692679
5,1.1292000000000002,-2.5,3,0.24515236997018908
5,1.1292000000000002,-2.4,0,1.067577501823895
5,1.1292000000000002,-2.4,3,0.1947797856961749
5,1.1292000000000002,-1.5000000000000002,0,1.0590680845808116
5,1.1292000000000002,-1.5000000000000002,3,0.15986953816927899
5,1.2292000000000003,-1.3,0,2.0636326699455383
5,1.2292000000000003,-1.3,3,0.05677471369674644
5,1.2292000000000003,-1.2,0,2.587061221601452
5,1.2292000000000003,-1.2,3,0.05691804620850819
5,1.3292000000000004,-2.7,0,1.2829537837335334
5,1.3292000000000004,-2.7,3,1.1460207611858715
5,1.3292000000000004,-1.6,0,0.2335006109281022
5,1.3292000000000004,-1.6,3,0.42104587519430975
5,1.3292000000000004,-0.7,0,0.18152302076010637
5,1.3292000000000004,-0.7,3,0.6572712244776933
5,1.3292000000000004,-0.5,0,0.9072614244901528
5,1.3292000000000004,-0.5,3,0.7337818080379477
5,1.4292,-2.3,0,0.18922137250620685
5,1.4292,-2.3,3,0.9361175061869746
5,1.4292,-2.1,0,0.9904477969344395
5,1.4292,-2.1,3,0.6294585202690987
5,1.4292,-1.8,0,2.0303248150032034
5,1.4292,-1.8,3,0.3025806673731416
5,1.4292,-0.8,0,1.1974045910373925
5,1.4292,-0.8,3,0.5108623463890876
5,1.4292,-0.7,0,0.1994571032044831
5,1.4292,-0.7,3,0.6964973823194369
5,1.4292,-0.5,0,0.8352306902224856
5,1.4292,-0.5,3,0.8163095138381294
5,1.5292,-0.9000000000000001,0,1.1386918172746214
5,1.5292,-0.9000000000000001,3,0.09248186600823662
5,1.5292,-0.5,0,1.3869879706198533
5,1.5292,-0.5,3,0.22564682423903057
6,-1.5708,-2.4,0,0.7023785084413825
6,-1.5708,-2.4,3,0.24074920705493766
6,-1.5708,-2.3,0,1.1988600260051379
6,-1.5708,-2.3,3,0.18105602022457812
6,-1.5708,-1.5000000000000002,0,0.7486345877912749
6,-1.5708,-1.5000000000000002,3,0.179360795360528
6,-1.4708,-1.5000000000000002,0,0.6393620691606405
6,-1.4708,-1.5000000000000002,3,0.1832791069617705
6,-1.4708,-0.8,0,0.5645692460651497
6,-1.4708,-0.8,3,0.16579863531310218
6,-1.4708,-0.5,0,1.3137486647699121
6,-1.4708,-0.5,3,0.33828926500248546
6,-1.3708,-2.3,0,0.8456855994070173
6,-1.3708,-2.3,3,0.4469289982894009
6,-1.3708,-1.7000000000000002,0,0.7178066628566969
6,-1.3708,-1.7000000000000002,3,0.1844350849709107
6,-1.3708,-1.5000000000000002,0,0.48925867328526035
6,-1.3708,-1.5000000000000002,3,0.13399085175139888
6,-1.3708,-0.8,0,0.4333971517950378
6,-1.3708,-0.8,3,0.40087711253880143
6,-1.2708,-1.8,0,1.833667287159595
6,-1.2708,-1.8,3,0.18352861764918427
6,-1.2708,-0.8,0,0.48522396161968
6,-1.2708,-0.8,3,0.2120236839519836
6,-1.1707999999999998,-2.6,0,0.5196657714680697
6,-1.1707999999999998,-2.6,3,0.9213574192249908
6,-1.1707999999999998,-2.4,0,0.3299730506107773
6,-1.1707999999999998,-2.4,3,0.7087484396595866
6,-1.1707999999999998,-1.7000000000000002,0,0.5330541170555688
6,-1.1707999999999998,-1.7000000000000002,3,0.3355276284691447
6,-1.1707999999999998,-0.8,0,0.31246236780850567
6,-1.1707999999999998,-0.8,3,0.6650384403444007
6,-1.1707999999999998,-0.6000000000000001,0,0.8058510173522522
6,-1.1707999999999998,-0.6000000000000001,3,0.8400196292344054
6,-1.0708,-2.8,0,0.7671406237765183
6,-1.0708,-2.8,3,1.8399582937945445
6,-1.0708,-1.7000000000000002,0,0.45143693953497077
6,-1.0708,-1.7000000000000002,3,0.40049670905452545
6,-1.0708,-1.6,0,0.6717331723178738
6,-1.0708,-1.6,3,0.3928337314985842
6,-1.0708,-1.5000000000000002,0,0.26845367625005395
6,-1.0708,-1.5000000000000002,3,0.28238714997756453
6,-1.0708,-0.6000000000000001,0,0.65087719049953
6,-1.0708,-0.6000000000000001,3,0.693861088388813
6,-1.0708,-0.3,0,0.02530292431943979
6,-1.0708,-0.3,3,1.572190930956286
6,-0.9708,-2.2,0,1.3091438868754022
6,-0.9708,-2.2,3,0.06586945137824134
6,-0.8707999999999999,-2.5,0,0.1340787581682841
6,-0.8707999999999999,-2.5,3,0.2806177995225993
6,-0.8707999999999999,-1.8,0,1.0918862784316243
6,-0.8707999999999999,-1.8,3,0.09123539272200332
6,-0.8707999999999999,-1.6,0,0.8384274287429287
6,-0.8707999999999999,-1.6,3,0.14693932924480976
6,-0.7707999999999999,-1.4,0,0.7048320995748383
6,-0.7707999999999999,-1.4,3,0.053894020171784025
6,-0.7707999999999999,-1.2,0,0.22131029071476518
6,-0.7707999999999999,-1.2,3,0.07067685988544908
6,-0.6708,-2.6,0,0.48261994940591574
6,-0.6708,-2.6,3,0.3997195735820139
6,-0.6708,-1.3,0,1.1564577277860646
6,-0.6708,-1.3,3,0.1889650425787556
6,-0.5708,-2.5,0,0.07190127310074658
6,-0.5708,-2.5,3,0.40629138603148546
6,-0.5708,-1.1,0,0.4859428164012509
6,-0.5708,-1.1,3,0.3070373870156383
6,-0.4707999999999999,-2.5,0,0.05680878498427511
6,-0.4707999999999999,-2.5,3,0.7763233969405188
6,-0.4707999999999999,-2.0,0,0.017032875930506047
6,-0.4707999999999999,-2.0,3,0.5758478473854022
6,-0.4707999999999999,-1.1,0,0.31269570804727365
6,-0.4707999999999999,-1.1,3,0.3926233212950609
6,-0.4707999999999999,-0.4,0,0.7329797944764048
6,-0.4707999999999999,-0.4,3,1.109012779476816
6,-0.3707999999999998,-1.5000000000000002,0,0.4127366661465286
6,-0.3707999999999998,-1.5000000000000002,3,0.06808389463251255
6,-0.3707999999999998,-1.3,0,0.7649490226592819
6,-0.3707999999999998,-1.3,3,0.0774439383675046
6,-0.2707999999999999,-1.9,0,0.39446485113479923
6,-0.2707999999999999,-1.9,3,0.26121864893362023
6,-0.2707999999999999,-1.5000000000000002,0,0.3960798153798286
6,-0.2707999999999999,-1.5000000000000002,3,0.12523397009091705
6,-0.2707999999999999,-1.4,0,0.25095701814673943
6,-0.2707999999999999,-1.4,3,0.12944167570727658
6,-0.2707999999999999,-0.6000000000000001,0,0.30820717097705325
6,-0.2707999999999999,-0.6000000000000001,3,0.4846484632842533
6,-0.1707999999999998,-2.5,0,0.11497959851520355
6,-0.1707999999999998,-2.5,3,0.27678523135173105
6,-0.1707999999999998,-2.3,0,0.5398840544365713
6,-0.1707999999999998,-2.3,3,0.17055947761789042
6,-0.1707999999999998,-2.1,0,0.34899949539131303
6,-0.1707999999999998,-2.1,3,0.10327458049964532
6,-0.1707999999999998,-1.4,0,0.2243700410812768
6,-0.1707999999999998,-1.4,3,0.24527383599518543
6,0.0292000000000001,-0.6000000000000001,0,0.471855849089434
6,0.0292000000000001,-0.6000000000000001,3,0.1687558838387745
6,0.1292000000000002,-0.5,0,0.7016804540884709
6,0.1292000000000002,-0.5,3,0.09100520514949403
6,0.2292,-1.2,0,0.3321883648948572
6,0.2292,-1.2,3,0.05098655462593419
6,0.3292000000000001,-1.5000000000000002,0,1.1013100469089794
6,0.3292000000000001,-1.5000000000000002,3,0.06738095072454439
6,0.3292000000000001,-1.4,0,0.29681893729280273
6,0.3292000000000001,-1.4,3,0.05767172881811287
6,0.3292000000000001,-1.3,0,0.34997923543341036
6,0.3292000000000001,-1.3,3,0.06690668529775257
6,0.5292000000000001,-2.4,0,0.8184253945714582
6,0.5292000000000001,-2.4,3,0.9518548408117684
6,0.5292000000000001,-2.1,0,0.11322511253387037
6,0.5292000000000001,-2.1,3,0.5410807253729578
6,0.5292000000000001,-1.9,0,0.14635652073691335
6,0.5292000000000001,-1.9,3,0.44210144844124866
6,0.5292000000000001,-1.1,0,0.2784342289963525
6,0.5292000000000001,-1.1,3,0.32615566985961836
6,0.5292000000000001,-0.8,0,1.1795074496237852
6,0.5292000000000001,-0.8,3,0.4571568222817103
6,0.5292000000000001,-0.6000000000000001,0,0.5321244994445273
6,0.5292000000000001,-0.6000000000000001,3,0.6178134072655387
6,0.6292000000000002,-1.3,0,0.4612263365937053
6,0.6292000000000002,-1.3,3,0.10212869373258471
6,0.6292000000000002,-0.6000000000000001,0,0.8942632572180517
6,0.6292000000000002,-0.6000000000000001,3,0.21948298480685632
6,0.7292000000000003,-2.1,0,0.1760035384957284
6,0.7292000000000003,-2.1,3,0.4809958897185569
6,0.7292000000000003,-1.1,0,0.5258376469534306
6,0.7292000000000003,-1.1,3,0.21090559312889354
6,0.7292000000000003,-0.5,0,0.8534559939170407
6,0.7292000000000003,-0.5,3,0.5393062677735054
6,0.8292000000000004,-2.7,0,0.13186007490515908
6,0.8292000000000004,-2.7,3,1.258594041164047
6,0.8292000000000004,-2.2,0,0.6247237691060301
6,0.8292000000000004,-2.2,3,0.6559404896711991
6,0.8292000000000004,-1.4,0,0.6152594582890712
6,0.8292000000000004,-1.4,3,0.3166947318382157
6,0.8292000000000004,-0.4,0,0.34233725027732503
6,0.8292000000000004,-0.4,3,1.2282236669783324
6,1.0292,-2.7,0,0.08711610604134389
6,1.0292,-2.7,3,0.25504834123395503
6,1.0292,-2.1,0,0.3419322957988391
6,1.0292,-2.1,3,0.05730420897129511
6,1.1292000000000002,-2.6,0,1.155003450776607
6,1.1292000000000002,-2.6,3,0.5004508515216342
6,1.1292000000000002,-2.3,0,1.6936168540031142
6,1.1292000000000002,-2.3,3,0.25012504813237957
6,1.1292000000000002,-1.8,0,1.1367209470115132
6,1.1292000000000002,-1.8,3,0.12699760692833026
6,1.1292000000000002,-1.7000000000000002,0,1.9474615769682961
6,1.1292000000000002,-1.7000000000000002,3,0.160552775446571
6,1.1292000000000002,-1.3,0,0.6669017324781823
6,1.1292000000000002,-1.3,3,0.2554497516489907
6,1.2292000000000003,-1.9,0,0.49085972251327575
6,1.2292000000000003,-1.9,3,0.21433944857429635
6,1.2292000000000003,-1.8,0,1.5519816327309028
6,1.2292000000000003,-1.8,3,0.16500960352364283
6,1.2292000000000003,-1.0,0,0.07549351188803664
6,1.2292000000000003,-1.0,3,0.4013473812888844
6,1.3292000000000004,-1.3,0,1.1277443272646317
6,1.3292000000000004,-1.3,3,0.07347395489827216
6,1.3292000000000004,-0.9000000000000001,0,0.05093749590536541
6,1.3292000000000004,-0.9000000000000001,3,0.1193921235900139
6,1.5292,-2.8,0,1.4395193127702226
6,1.5292,-2.8,3,1.5356913152157423
6,1.5292,-1.6,0,2.101411712979417
6,1.5292,-1.6,3,0.4707876833958476
6,1.5292,-0.4,0,0.8010305362751279
6,1.5292,-0.4,3,1.1509027863051065
7,-1.5708,-0.4,0,2.797571049280376
7,-1.5708,-0.4,3,0.11745495111219774
7,-1.4708,-2.4,0,2.260365270091571
7,-1.4708,-2.4,3,0.48735906659531014
7,-1.4708,-2.3,0,1.4554912944630123
7,-1.4708,-2.3,3,0.5702260005855794
7,-1.4708,-0.3,0,0.494224764081094
7,-1.4708,-0.3,3,1.3391569378098225
7,-1.3708,-2.5,0,1.4129495316928293
7,-1.3708,-2.5,3,0.39818346576840263
7,-1.3708,-2.2,0,1.5160874867071032
7,-1.3708,-2.2,3,0.16349716977930634
7,-1.3708,-1.2,0,1.6290242533917032
7,-1.3708,-1.2,3,0.22416658183836535
7,-1.2708,-1.7000000000000002,0,0.027238441646979236
7,-1.2708,-1.7000000000000002,3,0.3394078753565577
7,-1.2708,-0.9000000000000001,0,0.6907641202607222
7,-1.2708,-0.9000000000000001,3,0.33195513942452554
7,-1.0708,-2.2,0,1.0439453889901882
7,-1.0708,-2.2,3,0.35721919168639293
7,-1.0708,-1.2,0,1.172929625182691
7,-1.0708,-1.2,3,0.16149805676216364
7,-1.0708,-0.5,0,0.16930324855077894
7,-1.0708,-0.5,3,0.7865106485762686
7,-0.9708,-1.9,0,1.2861902865762018
7,-0.9708,-1.9,3,0.290140741409809
7,-0.9708,-1.2,0,1.0527979965353484
7,-0.9708,-1.2,3,0.14370311205290837
7,-0.9708,-0.4,0,1.1611898954095723
7,-0.9708,-0.4,3,0.40053443118894344
7,-0.8707999999999999,-2.1,0,0.05153035534477441
7,-0.8707999999999999,-2.1,3,0.08121038756834313
7,-0.7707999999999999,-1.8,0,0.4820088302170015
7,-0.7707999999999999,-1.8,3,0.061590220984801144
7,-0.6708,-1.8,0,0.29757819883391434
7,-0.6708,-1.8,3,0.2931834542508641
7,-0.6708,-0.8,0,0.44920416276500735
7,-0.6708,-0.8,3,0.2897967794513114
7,-0.6708,-0.7,0,0.06699428367951345
7,-0.6708,-0.7,3,0.42243825655945505
7,-0.5708,-2.1,0,0.02891533884299649
7,-0.5708,-2.1,3,0.6839420175341376
7,-0.5708,-1.6,0,0.058859656752459744
7,-0.5708,-1.6,3,0.3688170132712494
7,-0.5708,-0.6000000000000001,0,0.4952573570850742
7,-0.5708,-0.6000000000000001,3,0.7496344905010899
7,-0.5708,-0.3,0,0.1453625746109836
7,-0.5708,-0.3,3,1.0062981097941501
7,-0.4707999999999999,-2.7,0,0.03660600849446478
7,-0.4707999999999999,-2.7,3,0.4349446333569603
7,-0.4707999999999999,-2.3,0,0.49504711553498454
7,-0.4707999999999999,-2.3,3,0.16141340654994907
7,-0.4707999999999999,-2.2,0,0.41883719785145695
7,-0.4707999999999999,-2.2,3,0.11134177628056274
7,-0.4707999999999999,-1.8,0,0.16538514838154367
7,-0.4707999999999999,-1.8,3,0.1356205510834628
7,-0.4707999999999999,-1.4,0,0.056296976840421335
7,-0.4707999999999999,-1.4,3,0.4462801325798701
7,-0.3707999999999998,-0.5,0,0.24268859702884976
7,-0.3707999999999998,-0.5,3,0.19021801366966126
7,-0.2707999999999999,-2.8,0,0.293707252797767
7,-0.2707999999999999,-2.8,3,0.943592447091001
7,-0.2707999999999999,-2.7,0,0.028242237443717347
7,-0.2707999999999999,-2.7,3,0.8964636153070483
7,-0.2707999999999999,-1.3,0,0.024113361221949986
7,-0.2707999999999999,-1.3,3,0.6406306640177803
7,-0.2707999999999999,-0.7,0,0.05246460857394904
7,-0.2707999999999999,-0.7,3,1.2418898805693976
7,-0.1707999999999998,-2.4,0,0.5261086412120911
7,-0.1707999999999998,-2.4,3,0.9270687723961353
7,-0.1707999999999998,-1.9,0,0.36510881099149856
7,-0.1707999999999998,-1.9,3,0.40901544934281164
7,-0.1707999999999998,-0.8,0,0.16642859543842053
7,-0.1707999999999998,-0.8,3,0.5151958687977128
7,-0.1707999999999998,-0.6000000000000001,0,0.2639175423495675
7,-0.1707999999999998,-0.6000000000000001,3,0.7499909044060333
7,-0.1707999999999998,-0.4,0,0.4542012225241842
7,-0.1707999999999998,-0.4,3,0.6663208814211612
7,-0.0707999999999999,-2.6,0,0.30619689881441564
7,-0.0707999999999999,-2.6,3,1.1232779759219083
7,-0.0707999999999999,-1.6,0,0.0550476392488086
7,-0.0707999999999999,-1.6,3,0.5551422173234574
7,-0.0707999999999999,-0.3,0,0.34215963561306856
7,-0.0707999999999999,-0.3,3,1.2027449056865016
7,0.0292000000000001,-2.5,0,0.4072119801956603
7,0.0292000000000001,-2.5,3,0.563227089700191
7,0.0292000000000001,-2.4,0,0.4831645260820856
7,0.0292000000000001,-2.4,3,0.3829051563877918
7,0.0292000000000001,-1.9,0,0.3079370241578059
7,0.0292000000000001,-1.9,3,0.14526547136287582
7,0.0292000000000001,-1.2,0,0.5182170908557014
7,0.0292000000000001,-1.2,3,0.2623172122833737
7,0.0292000000000001,-1.1,0,0.3523082516537537
7,0.0292000000000001,-1.1,3,0.4010940302577549
7,0.1292000000000002,-2.2,0,0.45551559635912664
7,0.1292000000000002,-2.2,3,0.13200171539719707
7,0.1292000000000002,-1.9,0,0.3477807935379331
7,0.1292000000000002,-1.9,3,0.06745998481958113
7,0.1292000000000002,-1.4,0,0.07437590281460786
7,0.1292000000000002,-1.4,3,0.19807108727077094
7,0.2292,-2.6,0,0.22013482981246338
7,0.2292,-2.6,3,0.1631989379133428
7,0.2292,-2.2,0,0.552290404246271
7,0.2292,-2.2,3,0.08529317805119897
7,0.3292000000000001,-1.2,0,0.840637679620728
7,0.3292000000000001,-1.2,3,0.057067721862508164
7,0.3292000000000001,-1.1,0,0.3148861707462244
7,0.3292000000000001,-1.1,3,0.061749927825842724
7,0.4292,-2.0,0,0.15946731040333686
7,0.4292,-2.0,3,0.20119097787124954
7,0.4292,-1.8,0,0.4058813262833073
7,0.4292,-1.8,3,0.13873967649386082
7,0.4292,-0.9000000000000001,0,0.6492309881270473
7,0.4292,-0.9000000000000001,3,0.41477708824388104
7,0.5292000000000001,-2.8,0,0.12264869138096278
7,0.5292000000000001,-2.8,3,1.3847326019406037
7,0.5292000000000001,-1.8,0,0.4901179080900541
7,0.5292000000000001,-1.8,3,0.3128330777946606
7,0.5292000000000001,-0.4,0,0.733470673497829
7,0.5292000000000001,-0.4,3,0.6252901441994374
7,0.6292000000000002,-2.2,0,0.7457675136173967
7,0.6292000000000002,-2.2,3,0.384459096994453
7,0.6292000000000002,-2.0,0,0.10623777524206188
7,0.6292000000000002,-2.0,3,0.37853233542375797
7,0.6292000000000002,-1.9,0,0.4513555087563182
7,0.6292000000000002,-1.9,3,0.263129682090338
7,0.6292000000000002,-0.4,0,0.7325919835131459
7,0.6292000000000002,-0.4,3,0.8418254550398582
7,0.7292000000000003,-1.9,0,0.6195901122015396
7,0.7292000000000003,-1.9,3,0.10638479340875312
7,0.7292000000000003,-1.2,0,1.2777522667485448
7,0.7292000000000003,-1.2,3,0.10741774016433032
7,0.8292000000000004,-0.8,0,0.7727282866736559
7,0.8292000000000004,-0.8,3,0.07288280332228837
7,0.9292,-0.6000000000000001,0,0.8554042978158986
7,0.9292,-0.6000000000000001,3,0.2828569832851675
7,1.0292,-1.5000000000000002,0,0.06024410000162113
7,1.0292,-1.5000000000000002,3,0.05609691928387582
7,1.1292000000000002,-2.8,0,0.45528457763837993
7,1.1292000000000002,-2.8,3,0.3813043305429802
7,1.1292000000000002,-2.0,0,0.2540230235172657
7,1.1292000000000002,-2.0,3,0.09339598603112367
7,1.2292000000000003,-2.4,0,1.322387937968515
7,1.2292000000000003,-2.4,3,0.09997625447763046
7,1.2292000000000003,-2.2,0,1.7094933672379178
7,1.2292000000000003,-2.2,3,0.07663364799701392
7,1.2292000000000003,-2.0,0,0.2777343859423781
7,1.2292000000000003,-2.0,3,0.06368415150153169
7,1.3292000000000004,-2.3,0,1.778865743044592
7,1.3292000000000004,-2.3,3,0.7825477921383888
7,1.3292000000000004,-1.2,0,2.1631096289409193
7,1.3292000000000004,-1.2,3,0.16917880967667853
7,1.3292000000000004,-0.4,0,1.7369016388226735
7,1.3292000000000004,-0.4,3,0.47979668476762904
7,1.4292,-1.1,0,0.7381614361002617
7,1.4292,-1.1,3,0.061568191033220025
7,1.5292,-2.6,0,0.6505913828221029
7,1.5292,-2.6,3,0.40196841127375765
7,1.5292,-2.5,0,1.4492416915430828
7,1.5292,-2.5,3,0.35360092661909387
7,1.5292,-2.4,0,1.4908428050289104
7,1.5292,-2.4,3,0.25110237716680095
7,1.5292,-1.9,0,1.4122812415899995
7,1.5292,-1.9,3,0.18500545219491105
7,1.5292,-1.1,0,0.5739860101802429
7,1.5292,-1.1,3,0.7731753490905721
8,-1.5708,-2.8,0,2.432273086391055
8,-1.5708,-2.8,3,0.4924718626887109
8,-1.5708,-2.0,0,1.7782503576748032
8,-1.5708,-2.0,3,0.08485355335697865
8,-1.5708,-1.8,0,0.3372131044213149
8,-1.5708,-1.8,3,0.10604674572306814
8,-1.3708,-1.9,0,0.6022040799983812
8,-1.3708,-1.9,3,0.6540312391030532
8,-1.3708,-0.5,0,2.2204401549847512
8,-1.3708,-0.5,3,0.4122686558148803
8,-1.3708,-0.4,0,0.9873051131306116
8,-1.3708,-0.4,3,0.4294647096732047
8,-1.2708,-2.6,0,0.3118307727187438
8,-1.2708,-2.6,3,0.7716842972537914
8,-1.2708,-2.2,0,0.021242516970403174
8,-1.2708,-2.2,3,0.5582125415890736
8,-1.2708,-1.1,0,1.042150882157925
8,-1.2708,-1.1,3,0.3954461582200367
8,-1.2708,-0.7,0,0.4287288769243013
8,-1.2708,-0.7,3,0.6069029957732632
8,-1.1707999999999998,-2.2,0,0.024241593208840253
8,-1.1707999999999998,-2.2,3,0.15987616026831944
8,-1.0708,-2.6,0,0.2462543721297652
8,-1.0708,-2.6,3,0.2212891671470096
8,-1.0708,-2.5,0,1.509862516850139
8,-1.0708,-2.5,3,0.1627818592126166
8,-1.0708,-2.1,0,0.9685323323235926
8,-1.0708,-2.1,3,0.09109015274625279
8,-0.8707999999999999,-1.7000000000000002,0,1.2559231566333937
8,-0.8707999999999999,-1.7000000000000002,3,0.4416794291751873
8,-0.8707999999999999,-0.7,0,0.2518887621443648
8,-0.8707999999999999,-0.7,3,0.3028686404471668
8,-0.8707999999999999,-0.3,0,0.8752091102932525
8,-0.8707999999999999,-0.3,3,0.43565711889315784
8,-0.7707999999999999,-2.8,0,1.0399727394262381
8,-0.7707999999999999,-2.8,3,1.052713750241712
8,-0.7707999999999999,-0.7,0,0.22147996297039527
8,-0.7707999999999999,-0.7,3,0.4107179169437403
8,-0.7707999999999999,-0.4,0,0.46712742288317666
8,-0.7707999999999999,-0.4,3,0.6287831480602759
8,-0.6708,-2.8,0,0.9351677032496396
8,-0.6708,-2.8,3,1.0894786714570401
8,-0.6708,-1.2,0,0.05893790508043179
8,-0.6708,-1.2,3,0.4270234659454229
8,-0.6708,-0.3,0,0.7041474988147727
8,-0.6708,-0.3,3,0.6826509415022888
8,-0.5708,-1.9,0,0.245854124834383
8,-0.5708,-1.9,3,0.13274359546904063
8,-0.5708,-1.8,0,0.1350697578328442
8,-0.5708,-1.8,3,0.13576197573666093
8,-0.5708,-1.0,0,0.9109382924406959
8,-0.5708,-1.0,3,0.2491473715625028
8,-0.4707999999999999,-2.6,0,0.16074883738198573
8,-0.4707999999999999,-2.6,3,1.2145419287351973
8,-0.4707999999999999,-1.7000000000000002,0,0.6325224971746378
8,-0.4707999999999999,-1.7000000000000002,3,0.35207684994719046
8,-0.4707999999999999,-1.0,0,0.6662844367377664
8,-0.4707999999999999,-1.0,3,0.33473700336732104
8,-0.4707999999999999,-0.8,0,0.1751451271778567
8,-0.4707999999999999,-0.8,3,0.6632567483226941
8,-0.4707999999999999,-0.3,0,0.4688947453125435
8,-0.4707999999999999,-0.3,3,0.9207057361756742
8,-0.3707999999999998,-2.4,0,0.12996460093460224
8,-0.3707999999999998,-2.4,3,1.0725939639644595
8,-0.3707999999999998,-2.3,0,0.16923740540245985
8,-0.3707999999999998,-2.3,3,0.9310941571413347
8,-0.3707999999999998,-1.2,0,0.031964521429505385
8,-0.3707999999999998,-1.2,3,0.38201903512622065
8,-0.3707999999999998,-1.0,0,0.5376895026531713
8,-0.3707999999999998,-1.0,3,0.3256141731408618
8,-0.3707999999999998,-0.9000000000000001,0,0.2644137484383716
8,-0.3707999999999998,-0.9000000000000001,3,0.553162208256201
8,-0.3707999999999998,-0.4,0,0.2520333472090306
8,-0.3707999999999998,-0.4,3,0.9355347170596892
8,-0.1707999999999998,-2.7,0,0.023823435014205405
8,-0.1707999999999998,-2.7,3,0.5946190217125508
8,-0.1707999999999998,-1.3,0,0.01944321937326163
8,-0.1707999999999998,-1.3,3,0.4927901288392077
8,-0.0707999999999999,-2.8,0,0.6064374207910453
8,-0.0707999999999999,-2.8,3,0.7820882413093163
8,-0.0707999999999999,-1.5000000000000002,0,0.1268972149189094
8,-0.0707999999999999,-1.5000000000000002,3,0.24055501125559972
8,-0.0707999999999999,-0.7,0,0.3844329445440307
8,-0.0707999999999999,-0.7,3,0.49866724406836194
8,0.0292000000000001,-2.6,0,0.5473002919903235
8,0.0292000000000001,-2.6,3,0.39155284521109096
8,0.0292000000000001,-1.4,0,0.38693675621971935
8,0.0292000000000001,-1.4,3,0.20300961350046187
8,0.2292,-2.8,0,0.6933009854414767
8,0.2292,-2.8,3,0.6685238025313752
8,0.2292,-0.7,0,0.7200238683099431
8,0.2292,-0.7,3,0.5671884554131885
8,0.3292000000000001,-2.1,0,0.38949284066612827
8,0.3292000000000001,-2.1,3,0.5997328580775598
8,0.3292000000000001,-1.9,0,0.5479252476130837
8,0.3292000000000001,-1.9,3,0.45950112552971856
8,0.3292000000000001,-1.0,0,0.36180369777997334
8,0.3292000000000001,-1.0,3,0.30485598520706814
8,0.3292000000000001,-0.5,0,0.4738533896204818
8,0.3292000000000001,-0.5,3,0.7748061721920896
8,0.4292,-1.7000000000000002,0,0.42857051429056314
8,0.4292,-1.7000000000000002,3,0.19125847553370035
8,0.4292,-1.6,0,0.10481142280385904
8,0.4292,-1.6,3,0.19451050114347734
8,0.4292,-1.1,0,0.5031865396637517
8,0.4292,-1.1,3,0.18544317908091698
8,0.4292,-0.6000000000000001,0,0.22788056894349729
8,0.4292,-0.6000000000000001,3,0.4730622936982494
8,0.6292000000000002,-2.8,0,0.7575092874383037
8,0.6292000000000002,-2.8,3,0.8578941641970929
8,0.6292000000000002,-2.4,0,0.16509011706063423
8,0.6292000000000002,-2.4,3,0.6610826440653054
8,0.6292000000000002,-1.6,0,0.08869597356977428
8,0.6292000000000002,-1.6,3,0.2252004988481963
8,0.6292000000000002,-1.5000000000000002,0,0.12122242180797027
8,0.6292000000000002,-1.5000000000000002,3,0.2708311804083274
8,0.6292000000000002,-0.8,0,0.24130792089587152
8,0.6292000000000002,-0.8,3,0.7933298455186077
8,0.7292000000000003,-2.3,0,0.3694642935016863
8,0.7292000000000003,-2.3,3,0.23764144984858665
8,0.7292000000000003,-1.4,0,0.2361367053796158
8,0.7292000000000003,-1.4,3,0.1767385768671578
8,0.8292000000000004,-2.8,0,1.0247270674854145
8,0.8292000000000004,-2.8,3,0.9910499598932403
8,0.8292000000000004,-1.7000000000000002,0,0.6180204778279371
8,0.8292000000000004,-1.7000000000000002,3,0.27584878223392045
8,0.8292000000000004,-1.0,0,0.5655932806017041
8,0.8292000000000004,-1.0,3,0.32815632121981825
8,0.8292000000000004,-0.5,0,0.6214564106565574
8,0.8292000000000004,-0.5,3,0.8414091463605756
8,0.9292,-1.1,0,0.8278347295938202
8,0.9292,-1.1,3,0.16751132608087338
8,0.9292,-1.0,0,0.6294157457384025
8,0.9292,-1.0,3,0.11745417887311424
8,0.9292,-0.4,0,1.129707984214585
8,0.9292,-0.4,3,0.20447543453489617
8,0.9292,-0.3,0,1.039859255827712
8,0.9292,-0.3,3,0.24194821481328954
8,1.0292,-1.6,0,0.25160745301933285
8,1.0292,-1.6,3,0.038882928528238735
8,1.1292000000000002,-2.1,0,0.8954778013900709
8,1.1292000000000002,-2.1,3,0.8669505811482894
8,1.1292000000000002,-0.9000000000000001,0,0.3961346874699725
8,1.1292000000000002,-0.9000000000000001,3,0.3576094916594171
8,1.1292000000000002,-0.6000000000000001,0,0.13678633448515218
8,1.1292000000000002,-0.6000000000000001,3,0.45686877440063556
8,1.1292000000000002,-0.5,0,0.7937343341110181
8,1.1292000000000002,-0.5,3,0.4946277416117469
8,1.3292000000000004,-2.5,0,0.8480498380628219
8,1.3292000000000004,-2.5,3,1.076875622020209
8,1.3292000000000004,-2.0,0,1.0817438002911899
8,1.3292000000000004,-2.0,3,0.6205429942398137
8,1.3292000000000004,-1.4,0,0.3742185883955668
8,1.3292000000000004,-1.4,3,0.3450278778687209
8,1.3292000000000004,-0.6000000000000001,0,0.18046840936048367
8,1.3292000000000004,-0.6000000000000001,3,0.8028966941299387
8,1.3292000000000004,-0.3,0,1.4365682294527233
8,1.3292000000000004,-0.3,3,0.9655977020670353
8,1.4292,-2.8,0,2.1076059501740523
8,1.4292,-2.8,3,0.634929498953155
8,1.4292,-2.5,0,1.25784500633221
8,1.4292,-2.5,3,0.49809338882202664
8,1.4292,-1.0,0,1.3373173914594192
8,1.4292,-1.0,3,0.45596795552587444
8,1.5292,-1.7000000000000002,0,1.9493807716824572
8,1.5292,-1.7000000000000002,3,0.044790624250640856
9,-1.5708,-1.2,0,2.060336636468538
9,-1.5708,-1.2,3,0.10429447388699216
9,-1.5708,-0.6000000000000001,0,2.3822603365814135
9,-1.5708,-0.6000000000000001,3,0.24273308512015654
9,-1.5708,-0.3,0,2.110742965118638
9,-1.5708,-0.3,3,0.3504493066726473
9,-1.4708,-2.2,0,1.8786189378381128
9,-1.4708,-2.2,3,0.05705033884726181
9,-1.3708,-2.0,0,0.5607532265739029
9,-1.3708,-2.0,3,0.5950665517210953
9,-1.3708,-0.3,0,2.0213425434062793
9,-1.3708,-0.3,3,0.5861679312386678
9,-1.2708,-2.3,0,1.7121235669265924
9,-1.2708,-2.3,3,0.15124699541602102
9,-1.2708,-1.6,0,1.0200693876641926
9,-1.2708,-1.6,3,0.08205393856286583
9,-1.1707999999999998,-1.3,0,1.2853563795190703
9,-1.1707999999999998,-1.3,3,0.07084190159280639
9,-1.1707999999999998,-1.2,0,1.376025149386278
9,-1.1707999999999998,-1.2,3,0.06957022267052469
9,-1.1707999999999998,-1.1,0,1.2494324185783365
9,-1.1707999999999998,-1.1,3,0.07109791392470703
9,-1.0708,-2.3,0,1.37523106028129
9,-1.0708,-2.3,3,0.29866853786175235
9,-1.0708,-1.0,0,0.7851368900637867
9,-1.0708,-1.0,3,0.26988163778627455
9,-0.9708,-2.8,0,0.5705872940671541
9,-0.9708,-2.8,3,1.419294326662593
9,-0.9708,-1.6,0,0.5593620186321625
9,-0.9708,-1.6,3,0.1983362452454196
9,-0.9708,-1.3,0,0.9317016014687899
9,-0.9708,-1.3,3,0.22526689672488334
9,-0.9708,-0.8,0,0.9218104584028609
9,-0.9708,-0.8,3,0.4996223854760901
9,-0.8707999999999999,-1.0,0,0.5213761672678026
9,-0.8707999999999999,-1.0,3,0.08300591085466966
9,-0.8707999999999999,-0.9000000000000001,0,0.6452974680494026
9,-0.8707999999999999,-0.9000000000000001,3,0.0929923889950175
9,-0.8707999999999999,-0.5,0,0.8179006032402836
9,-0.8707999999999999,-0.5,3,0.27390586520497306
9,-0.6708,-1.7000000000000002,0,0.392920682440758
9,-0.6708,-1.7000000000000002,3,0.04073213177079865
9,-0.6708,-1.6,0,0.5335757189490042
9,-0.6708,-1.6,3,0.054215839809558804
9,-0.5708,-1.5000000000000002,0,0.0958554593917266
9,-0.5708,-1.5000000000000002,3,0.06134428364359321
9,-0.4707999999999999,-1.5000000000000002,0,0.0567817317994767
9,-0.4707999999999999,-1.5000000000000002,3,0.13103825147444012
9,-0.4707999999999999,-0.6000000000000001,0,0.9447402548013062
9,-0.4707999999999999,-0.6000000000000001,3,0.3491298525292371
9,-0.3707999999999998,-2.7,0,0.29997981544093244
9,-0.3707999999999998,-2.7,3,1.6410021178435525
9,-0.3707999999999998,-1.4,0,0.14605689361595767
9,-0.3707999999999998,-1.4,3,0.3826794709778549
9,-0.3707999999999998,-0.8,0,0.42485571067093775
9,-0.3707999999999998,-0.8,3,0.44933954603613285
9,-0.3707999999999998,-0.6000000000000001,0,0.6172535853014655
9,-0.3707999999999998,-0.6000000000000001,3,0.596882391620719
9,-0.3707999999999998,-0.3,0,0.6558906167179875
9,-0.3707999999999998,-0.3,3,0.8396202895237216
9,-0.2707999999999999,-2.4,0,0.4319886660596273
9,-0.2707999999999999,-2.4,3,0.6112101187899274
9,-0.2707999999999999,-1.7000000000000002,0,0.13980448044709176
9,-0.2707999999999999,-1.7000000000000002,3,0.15184608310164985
9,-0.2707999999999999,-1.6,0,0.3871978744370618
9,-0.2707999999999999,-1.6,3,0.14225125451967302
9,-0.2707999999999999,-0.5,0,0.371452092634989
9,-0.2707999999999999,-0.5,3,0.9443053690111525
9,-0.1707999999999998,-1.0,0,0.473926673785668
9,-0.1707999999999998,-1.0,3,0.08213893996251004
9,-0.0707999999999999,-2.2,0,0.4058379433194158
9,-0.0707999999999999,-2.2,3,0.32017851248418444
9,-0.0707999999999999,-1.7000000000000002,0,0.12008200096646378
9,-0.0707999999999999,-1.7000000000000002,3,0.1045458950573653
9,-0.0707999999999999,-1.2,0,0.5686529157292781
9,-0.0707999999999999,-1.2,3,0.16523944234250112
9,-0.0707999999999999,-1.1,0,0.48748136459517083
9,-0.0707999999999999,-1.1,3,0.252951173428715
9,0.0292000000000001,-2.3,0,0.5275923741535323
9,0.0292000000000001,-2.3,3,0.2847716132526596
9,0.0292000000000001,-1.5000000000000002,0,0.09046738905578597
9,0.0292000000000001,-1.5000000000000002,3,0.1166174873289692
9,0.0292000000000001,-1.3,0,0.6029781294893043
9,0.0292000000000001,-1.3,3,0.13081045410229838
9,0.1292000000000002,-2.7,0,0.15087523829127963
9,0.1292000000000002,-2.7,3,0.5842615329042805
9,0.1292000000000002,-2.6,0,0.2388750801863004
9,0.1292000000000002,-2.6,3,0.38862737151795734
9,0.1292000000000002,-2.5,0,0.04264816581950374
9,0.1292000000000002,-2.5,3,0.4225747028464541
9,0.1292000000000002,-2.0,0,0.2663601766922612
9,0.1292000000000002,-2.0,3,0.18273969980046667
9,0.1292000000000002,-1.2,0,0.5544396121318954
9,0.1292000000000002,-1.2,3,0.4028764690970771
9,0.2292,-0.4,0,0.25747110944974116
9,0.2292,-0.4,3,0.11923301067075122
9,0.3292000000000001,-2.6,0,0.1982570377961297
9,0.3292000000000001,-2.6,3,0.9587356731753297
9,0.3292000000000001,-0.7,0,0.14223893626080933
9,0.3292000000000001,-0.7,3,0.7132716191376993
9,0.3292000000000001,-0.4,0,0.15962012172398526
9,0.3292000000000001,-0.4,3,0.804591226997407
9,0.4292,-1.3,0,0.8898555383668595
9,0.4292,-1.3,3,0.0803284177464939
9,0.4292,-0.8,0,0.5759964550634686
9,0.4292,-0.8,3,0.11751493883811007
9,0.5292000000000001,-1.7000000000000002,0,0.49172635470594306
9,0.5292000000000001,-1.7000000000000002,3,0.04467990836017448
9,0.6292000000000002,-2.6,0,0.1271452641907728
9,0.6292000000000002,-2.6,3,0.5198480299609045
9,0.6292000000000002,-2.5,0,0.08586388656066225
9,0.6292000000000002,-2.5,3,0.5892410780669517
9,0.6292000000000002,-2.3,0,0.6983237992706725
9,0.6292000000000002,-2.3,3,0.2915111621557511
9,0.6292000000000002,-1.4,0,0.17081257179244488
9,0.6292000000000002,-1.4,3,0.34746983228933165
9,0.6292000000000002,-1.2,0,0.8401702741053507
9,0.6292000000000002,-1.2,3,0.33693275764486214
9,0.7292000000000003,-2.8,0,0.6656943764709581
9,0.7292000000000003,-2.8,3,1.554399024981178
9,0.7292000000000003,-1.0,0,0.9533437277021772
9,0.7292000000000003,-1.0,3,0.3267938890143664
9,0.7292000000000003,-0.7,0,0.09653889551733516
9,0.7292000000000003,-0.7,3,0.5880962578758835
9,0.8292000000000004,-2.3,0,1.1814159067857188
9,0.8292000000000004,-2.3,3,0.30366702773399423
9,0.8292000000000004,-0.7,0,0.13575000891861694
9,0.8292000000000004,-0.7,3,0.5805043348612776
9,1.0292,-2.6,0,0.22806723626268108
9,1.0292,-2.6,3,0.6884394078724444
9,1.0292,-2.3,0,1.1897634478753452
9,1.0292,-2.3,3,0.43365436969923654
9,1.0292,-0.9000000000000001,0,0.7404374506709936
9,1.0292,-0.9000000000000001,3,0.8585801686654958
9,1.0292,-0.6000000000000001,0,1.0673654081419222
9,1.0292,-0.6000000000000001,3,0.9284971816840021
9,1.1292000000000002,-2.2,0,1.39716837317792
9,1.1292000000000002,-2.2,3,0.9551340085743573
9,1.1292000000000002,-0.8,0,1.0816218267455415
9,1.1292000000000002,-0.8,3,0.3180519295633418
9,1.1292000000000002,-0.4,0,0.28741363308879364
9,1.1292000000000002,-0.4,3,0.48984381865956955
9,1.2292000000000003,-2.7,0,0.5552664402349201
9,1.2292000000000003,-2.7,3,2.099918994931338
9,1.2292000000000003,-1.6,0,1.732503374992464
9,1.2292000000000003,-1.6,3,0.47734147008785704
9,1.2292000000000003,-0.5,0,0.860692736092357
9,1.2292000000000003,-0.5,3,0.7106281404137145
9,1.2292000000000003,-0.4,0,0.3176676605546596
9,1.2292000000000003,-0.4,3,0.6819516744518358
9,1.2292000000000003,-0.3,0,1.5823983349438675
9,1.2292000000000003,-0.3,3,0.7435491471755857
9,1.3292000000000004,-2.4,0,0.6402666393586499
9,1.3292000000000004,-2.4,3,0.5008343050297522
9,1.3292000000000004,-1.1,0,1.7612120268834275
9,1.3292000000000004,-1.1,3,0.34247549853242765
9,1.4292,-2.6,0,0.5568158904579334
9,1.4292,-2.6,3,0.8581453716577873
9,1.4292,-1.3,0,2.1199206898750416
9,1.4292,-1.3,3,0.2665411589852529
9,1.4292,-0.3,0,2.2996909248187585
9,1.4292,-0.3,3,0.7904779033418678
9,1.5292,-1.2,0,2.7580018452210084
9,1.5292,-1.2,3,0.06371478823381181
9,1.5292,-0.6000000000000001,0,2.2035931780992932
9,1.5292,-0.6000000000000001,3,0.23280821579548927
