idx,q_0,q_1,q_2,q_3,q_4,q_5,q_6,q_7,samples,SR,session_id,notes
0, 0.8832664489746094, -0.04377219080924988, -0.11672354489564896, -1.7678780555725098, -0.04297875612974167, 1.8112214803695679, 0.039997607469558716, 0.0, 80896, 16000, 0, 
1, 0.7288931012153625, -0.04258222505450249, -0.11871054023504257, -1.768171787261963, -0.042987387627363205, 1.811216950416565, 0.03966020420193672, 0.0, 80896, 16000, 0, 
2, 0.5538104176521301, -0.04161468520760536, -0.10301727801561356, -1.7683771848678589, -0.04301484674215317, 1.8112114667892456, 0.03965214267373085, 0.0, 80896, 16000, 0, 
3, 0.410330206155777, -0.03828240931034088, -0.0957975909113884, -1.7682878971099854, -0.04301780089735985, 1.811259150505066, 0.038886018097400665, 0.0, 80896, 16000, 0, 
4, 0.168166384100914, -0.039483118802309036, -0.09818637371063232, -1.7677066326141357, -0.04334546998143196, 1.8112577199935913, 0.04003084450960159, 0.0, 80896, 16000, 0, 
5, 0.12139268219470978, -0.04937288910150528, -0.03514360263943672, -1.7561981678009033, -0.043342966586351395, 1.8115204572677612, 0.04076981171965599, 0.0, 80896, 16000, 0, 
6, -0.07573643326759338, -0.04962794855237007, -0.06133875623345375, -1.7431936264038086, -0.043345723301172256, 1.811551570892334, 0.0402325764298439, 0.0, 80896, 16000, 0, 
7, -0.31192976236343384, -0.05454195290803909, -0.09811413288116455, -1.7350679636001587, -0.04327573999762535, 1.8115735054016113, 0.04142506793141365, 0.0, 80896, 16000, 0, 
8, -0.48751187324523926, -0.053810637444257736, -0.010363544337451458, -1.735048770904541, -0.04328411817550659, 1.811551809310913, 0.04169144108891487, 0.0, 80896, 16000, 0, 
9, -0.6245437264442444, -0.05358540639281273, -0.011053293943405151, -1.7221286296844482, -0.043310124427080154, 1.8128374814987183, 0.040069881826639175, 0.0, 80896, 16000, 0, 
10, -0.705200731754303, -0.05454886704683304, -0.01096407976001501, -1.7184542417526245, -0.043307363986968994, 1.8129158020019531, 0.04016812518239021, 0.0, 80896, 16000, 1, Noisy lab talk and finger
11, -0.8798609972000122, -0.04045388847589493, -0.011208520270884037, -1.718784213066101, -0.04305931180715561, 1.812931776046753, 0.040300402790308, 0.0, 80896, 16000, 1, Noisy lab talk and finger
12, -1.02942955493927, -0.03723657503724098, 0.028684884309768677, -1.7206529378890991, -0.04282562807202339, 1.8128448724746704, 0.041576191782951355, 0.0, 80896, 16000, 1, Noisy lab talk and finger
13, -0.872115433216095, -0.03663225471973419, 0.00929196272045374, -1.7208009958267212, -0.04282298684120178, 1.812841773033142, 0.04162342846393585, 0.0, 80896, 16000, 1, Noisy lab talk and finger
14, -0.6737125515937805, -0.014970502816140652, 0.0029195125680416822, -1.7245432138442993, -0.042932745069265366, 1.8130685091018677, 0.01760522648692131, 0.0, 80896, 16000, 1, Noisy lab talk and finger
15, -0.5189924240112305, -0.013894639909267426, 0.005188303533941507, -1.7271817922592163, -0.04294440150260925, 1.809821605682373, 0.017633989453315735, 0.0, 80896, 16000, 1, Noisy lab talk and finger
16, -0.39870086312294006, -0.010538972914218903, 0.007315859664231539, -1.7332607507705688, -0.04293335601687431, 1.8092617988586426, 0.01763862371444702, 0.0, 80896, 16000, 1, Noisy lab talk and finger
17, -0.33064135909080505, -0.011900133453309536, -0.008996994234621525, -1.7327260971069336, -0.04287654161453247, 1.809212327003479, 0.01763175055384636, 0.0, 80896, 16000, 1, Noisy lab talk and finger
18, -0.256400465965271, -0.011817466467618942, -0.010165024548768997, -1.7325817346572876, -0.0428859144449234, 1.8093265295028687, 0.017637256532907486, 0.0, 80896, 16000, 1, Noisy lab talk and finger
19, -0.14707817137241364, -0.011662543751299381, -0.012424667365849018, -1.7359870672225952, -0.04333383962512016, 1.8078891038894653, 0.01782715879380703, 0.0, 80896, 16000, 1, Noisy lab talk and finger
20, -0.012797310017049313, -0.010841992683708668, -0.01171718817204237, -1.7401520013809204, -0.04312141612172127, 1.8061754703521729, 0.01832241378724575, 0.0, 80896, 16000, 2, noisy lab
21, 0.09244805574417114, -0.014178166165947914, -0.010642573237419128, -1.739579439163208, -0.04314427450299263, 1.8070876598358154, 0.018640590831637383, 0.0, 80896, 16000, 2, noisy lab
22, 0.19060003757476807, -0.014321977272629738, -0.008055374026298523, -1.7395747900009155, -0.04314161837100983, 1.8070988655090332, 0.018723605200648308, 0.0, 80896, 16000, 2, noisy lab
23, 0.3065415322780609, -0.014370226301252842, -0.007976549677550793, -1.7395687103271484, -0.04313408210873604, 1.8070130348205566, 0.0211772620677948, 0.0, 80896, 16000, 2, noisy lab
24, 0.4015164375305176, -0.018165653571486473, -0.009429393336176872, -1.7361363172531128, -0.043140292167663574, 1.8070926666259766, 0.02097713202238083, 0.0, 80896, 16000, 2, noisy lab
25, 0.48095211386680603, -0.017225338146090508, -0.008139642886817455, -1.7363901138305664, -0.04312429204583168, 1.8072938919067383, 0.021365664899349213, 0.0, 80896, 16000, 2, noisy lab
26, 0.6322439908981323, -0.016953233629465103, -0.008633134886622429, -1.7364503145217896, -0.04312928766012192, 1.8072938919067383, 0.021379128098487854, 0.0, 80896, 16000, 2, noisy lab
27, 0.7899444699287415, -0.016329249367117882, -0.009712575934827328, -1.7351207733154297, -0.04314366728067398, 1.808387279510498, 0.021399591118097305, 0.0, 80896, 16000, 2, noisy lab
28, 0.5686911344528198, -0.02422190085053444, -0.004985574167221785, -1.735013723373413, -0.043325114995241165, 1.805252194404602, -0.02117764763534069, 0.0, 80896, 16000, 2, noisy lab
29, 0.3686215877532959, -0.04186353087425232, -0.022555220872163773, -1.7278841733932495, -0.043327976018190384, 1.80559504032135, 0.00019383100152481347, 0.0, 80896, 16000, 2, noisy lab
30, 0.29866406321525574, -0.04172041267156601, -0.021307338029146194, -1.7276942729949951, -0.04332175850868225, 1.8056082725524902, 0.0006012181402184069, 0.0, 80896, 16000, 3, 
31, 0.15213099122047424, -0.04152800887823105, -0.025209534913301468, -1.7274346351623535, -0.04332659766077995, 1.8064841032028198, 0.05448159947991371, 0.0, 80896, 16000, 3, 
32, 0.031227124854922295, -0.041656333953142166, -0.03023284114897251, -1.726122498512268, -0.0433560274541378, 1.8064894676208496, 0.05392017215490341, 0.0, 80896, 16000, 3, 
33, -0.11619845032691956, -0.041254475712776184, -0.032021164894104004, -1.7176892757415771, -0.04331216961145401, 1.8106822967529297, 0.06459587812423706, 0.0, 80896, 16000, 3, 
34, -0.2390747368335724, -0.04036615416407585, -0.036335304379463196, -1.7175136804580688, -0.04338958114385605, 1.8098270893096924, 0.06460808962583542, 0.0, 80896, 16000, 3, 
35, -0.37062349915504456, -0.04072990640997887, -0.04434322938323021, -1.7160919904708862, -0.04338958114385605, 1.810286283493042, 0.06465185433626175, 0.0, 80896, 16000, 3, 
36, -0.43843477964401245, -0.040587469935417175, -0.03678808733820915, -1.7166364192962646, -0.04337332770228386, 1.8102859258651733, 0.06464897096157074, 0.0, 80896, 16000, 3, 
37, -0.5828373432159424, -0.03965786099433899, -0.006099125370383263, -1.7166416645050049, -0.043290235102176666, 1.8102874755859375, 0.0643894225358963, 0.0, 80896, 16000, 3, 
38, -0.7708953619003296, -0.040464986115694046, 0.07547130435705185, -1.7160682678222656, -0.04329502582550049, 1.8104902505874634, 0.06438279151916504, 0.0, 80896, 16000, 3, 
39, -1.0523313283920288, -0.037036530673503876, 0.12717466056346893, -1.715466022491455, -0.042944278568029404, 1.810981035232544, 0.06587768346071243, 0.0, 80896, 16000, 3, 
40, -1.0453673601150513, -0.024272657930850983, 0.12517394125461578, -1.6597481966018677, -0.038985054939985275, 1.6708375215530396, 0.06778557598590851, 0.0, 80896, 16000, 4, 
41, -1.168624997138977, -0.023990819230675697, 0.1464211791753769, -1.6597404479980469, -0.03932347893714905, 1.6708484888076782, 0.06786342710256577, 0.0, 80896, 16000, 4, 
42, -1.058648943901062, -0.02332744374871254, 0.14773812890052795, -1.6597696542739868, -0.03932545334100723, 1.6708396673202515, 0.06865354627370834, 0.0, 80896, 16000, 4, 
43, -0.9331378936767578, -0.02283335104584694, 0.14809052646160126, -1.659311056137085, -0.0393240861594677, 1.6708459854125977, 0.0702354684472084, 0.0, 80896, 16000, 4, 
44, -0.8123941421508789, -0.02205624058842659, 0.1489320546388626, -1.659438967704773, -0.03932870924472809, 1.670823335647583, 0.0702410563826561, 0.0, 80896, 16000, 4, 
45, -0.6978100538253784, -0.0206670630723238, 0.15326660871505737, -1.6595278978347778, -0.03932837024331093, 1.671212911605835, 0.07019050419330597, 0.0, 80896, 16000, 4, 
46, -0.5739939212799072, -0.019622230902314186, 0.15590564906597137, -1.659443736076355, -0.039326123893260956, 1.671224594116211, 0.07022292912006378, 0.0, 80896, 16000, 4, 
47, -0.44183874130249023, -0.017328966408967972, 0.15921522676944733, -1.659351110458374, -0.03932839632034302, 1.671241283416748, 0.06799649447202682, 0.0, 80896, 16000, 4, 
48, -0.32288864254951477, -0.01762455888092518, 0.16246460378170013, -1.6570907831192017, -0.03933020308613777, 1.685990571975708, 0.06656429171562195, 0.0, 80896, 16000, 4, 
49, -0.18112489581108093, -0.018511425703763962, 0.16980640590190887, -1.6564995050430298, -0.03932827338576317, 1.6868144273757935, 0.0665440484881401, 0.0, 80896, 16000, 4, 
50, -0.07367144525051117, -0.015249158255755901, 0.16198508441448212, -1.6600722074508667, -0.03970647603273392, 1.6860986948013306, 0.06759009510278702, 0.0, 80896, 16000, 5, 
51, -0.016210446134209633, -0.01481237169355154, 0.16233393549919128, -1.660093069076538, -0.03971127048134804, 1.6860865354537964, 0.06765610724687576, 0.0, 80896, 16000, 5, 
52, 0.06543956696987152, -0.014774552546441555, 0.1637171506881714, -1.6601015329360962, -0.03971853107213974, 1.685996413230896, 0.06763952970504761, 0.0, 80896, 16000, 5, 
53, 0.16665039956569672, -0.014430764131247997, 0.16803692281246185, -1.660342812538147, -0.03970647603273392, 1.6859581470489502, 0.0676678940653801, 0.0, 80896, 16000, 5, 
54, 0.2772832214832306, -0.014266865327954292, 0.17201371490955353, -1.660367727279663, -0.039709120988845825, 1.6859718561172485, 0.0676678940653801, 0.0, 80896, 16000, 5, 
55, 0.35601532459259033, -0.01315887738019228, 0.1737244427204132, -1.660395622253418, -0.039704591035842896, 1.6859773397445679, 0.06768159568309784, 0.0, 80896, 16000, 5, 
56, 0.437420517206192, -0.010106929577887058, 0.17656056582927704, -1.6604094505310059, -0.03970779851078987, 1.685996413230896, 0.0676589161157608, 0.0, 80896, 16000, 5, 
57, 0.48068100214004517, -0.009420208632946014, 0.17309638857841492, -1.6604411602020264, -0.039707086980342865, 1.6859978437423706, 0.0676707848906517, 0.0, 80896, 16000, 5, 
58, 0.588540256023407, -0.0062779816798865795, 0.17729537189006805, -1.661109209060669, -0.03969534859061241, 1.6860804557800293, 0.06767858564853668, 0.0, 80896, 16000, 5, 
59, 0.4795333743095398, -0.009423205628991127, 0.19156195223331451, -1.6612589359283447, -0.04001052305102348, 1.685940146446228, 0.08635441213846207, 0.0, 80896, 16000, 5, 
60, 0.37174099683761597, -0.019801530987024307, 0.19037741422653198, -1.654251217842102, -0.040108196437358856, 1.6860271692276, 0.08636105060577393, 0.0, 80896, 16000, 6, 
61, 0.27174144983291626, -0.02832997776567936, 0.18400953710079193, -1.6534806489944458, -0.040144748985767365, 1.6860244274139404, 0.08636824041604996, 0.0, 80896, 16000, 6, 
62, 0.20217768847942352, -0.02738199383020401, 0.18085788190364838, -1.6540251970291138, -0.04045369103550911, 1.6860113143920898, 0.08637535572052002, 0.0, 80896, 16000, 6, 
63, 0.12585948407649994, -0.02750396728515625, 0.17255312204360962, -1.6541993618011475, -0.0404515415430069, 1.6858376264572144, 0.08673974871635437, 0.0, 80896, 16000, 6, 
64, -0.01961107924580574, -0.027083223685622215, 0.17087869346141815, -1.6540764570236206, -0.04042840003967285, 1.6859002113342285, 0.15206481516361237, 0.0, 80896, 16000, 6, 
65, -0.14472687244415283, -0.02756495401263237, 0.16831065714359283, -1.6540828943252563, -0.04044618830084801, 1.6862550973892212, 0.1557401716709137, 0.0, 80896, 16000, 6, 
66, -0.27367112040519714, -0.027396900579333305, 0.16513460874557495, -1.65409517288208, -0.04045021906495094, 1.6862573623657227, 0.15578888356685638, 0.0, 80896, 16000, 6, 
67, -0.39496564865112305, -0.02518591284751892, 0.1631857007741928, -1.6543877124786377, -0.04045092687010765, 1.6856857538223267, 0.15534448623657227, 0.0, 80896, 16000, 6, 
68, -0.49137619137763977, -0.021964555606245995, 0.15967212617397308, -1.6539055109024048, -0.040459372103214264, 1.6859725713729858, 0.09570341557264328, 0.0, 80896, 16000, 6, 
69, -0.661417543888092, -0.018854623660445213, 0.15585261583328247, -1.6537261009216309, -0.04067564010620117, 1.6860750913619995, 0.09569700062274933, 0.0, 80896, 16000, 6, 
70, -0.7316761612892151, -0.016993533819913864, 0.15484218299388885, -1.6540812253952026, -0.040680062025785446, 1.6860216856002808, 0.09857305884361267, 0.0, 80896, 16000, 7, 
71, -0.9112517237663269, -0.015848638489842415, 0.15599267184734344, -1.645351529121399, -0.04054692015051842, 1.6880464553833008, 0.12469739466905594, 0.0, 80896, 16000, 7, 
72, -1.0651127099990845, 0.002824886702001095, 0.17306292057037354, -1.647829532623291, -0.040544163435697556, 1.6882694959640503, 0.12469878047704697, 0.0, 80896, 16000, 7, 
73, -1.1294260025024414, 0.0038772160187363625, 0.1748429536819458, -1.6478408575057983, -0.040549565106630325, 1.688301920890808, 0.12467014044523239, 0.0, 80896, 16000, 7, 
74, -1.0221784114837646, 0.005377791356295347, 0.17058153450489044, -1.6480587720870972, -0.040544293820858, 1.6882785558700562, 0.12469461560249329, 0.0, 80896, 16000, 7, 
75, -0.9481269121170044, 0.008065376430749893, 0.1754414141178131, -1.6483718156814575, -0.0405428446829319, 1.6882785558700562, 0.1246807724237442, 0.0, 80896, 16000, 7, 
76, -0.8097519874572754, 0.008447593078017235, 0.17534513771533966, -1.648534893989563, -0.040544770658016205, 1.6882810592651367, 0.12481386959552765, 0.0, 80896, 16000, 7, 
77, -0.7195292711257935, 0.008571830578148365, 0.17526580393314362, -1.6483960151672363, -0.04054560139775276, 1.6883983612060547, 0.12468962371349335, 0.0, 80896, 16000, 7, 
78, -0.6599429845809937, 0.00890651810914278, 0.1775449812412262, -1.648517370223999, -0.040544770658016205, 1.6884019374847412, 0.12469153106212616, 0.0, 80896, 16000, 7, 
79, -0.5310032963752747, 0.009468263946473598, 0.1762336641550064, -1.6485843658447266, -0.04054344817996025, 1.6882416009902954, 0.12592560052871704, 0.0, 80896, 16000, 7, 
80, -0.4280149042606354, 0.009208137169480324, 0.17201946675777435, -1.6485971212387085, -0.040544163435697556, 1.6882550716400146, 0.1252329796552658, 0.0, 80896, 16000, 8, 
81, -0.3616023659706116, 0.009329631924629211, 0.17296434938907623, -1.6481297016143799, -0.040544163435697556, 1.6883883476257324, 0.1247330829501152, 0.0, 80896, 16000, 8, 
82, -0.24802501499652863, 0.008880696259438992, 0.17469723522663116, -1.6451761722564697, -0.04054512828588486, 1.689607858657837, 0.12412875890731812, 0.0, 80896, 16000, 8, 
83, -0.1397593915462494, 0.009018958546221256, 0.17284922301769257, -1.6464293003082275, -0.04051252827048302, 1.6884377002716064, 0.12492632120847702, 0.0, 80896, 16000, 8, 
84, -0.008770863525569439, 0.00935047771781683, 0.1732381135225296, -1.6465983390808105, -0.040498871356248856, 1.6884305477142334, 0.12491454184055328, 0.0, 80896, 16000, 8, 
85, 0.17857621610164642, 0.008175416849553585, 0.17302392423152924, -1.646776795387268, -0.04054741561412811, 1.688422441482544, 0.12599343061447144, 0.0, 80896, 16000, 8, 
86, 0.3451513350009918, 0.008674859069287777, 0.17454740405082703, -1.6467814445495605, -0.04052824154496193, 1.6885175704956055, 0.1259632408618927, 0.0, 80896, 16000, 8, 
87, 0.47049546241760254, 0.009876260533928871, 0.17607282102108002, -1.6498053073883057, -0.04050713777542114, 1.6884238719940186, 0.12592081725597382, 0.0, 80896, 16000, 8, 
88, 0.5429902076721191, 0.021282149478793144, 0.1810120791196823, -1.6499425172805786, -0.040473584085702896, 1.688503384590149, 0.12508781254291534, 0.0, 80896, 16000, 8, 
89, 0.7765659689903259, 0.034018829464912415, -0.04947548732161522, -1.6353384256362915, -0.04035985469818115, 1.6895911693572998, 0.19790801405906677, 0.0, 80896, 16000, 8, 
90, 0.6814320087432861, 0.033563777804374695, -0.05078909918665886, -1.6353089809417725, -0.040366578847169876, 1.6895440816879272, 0.24047276377677917, 0.0, 80896, 16000, 9, 
91, 0.5382741093635559, 0.03364891931414604, -0.053450170904397964, -1.632803201675415, -0.04040994495153427, 1.6940761804580688, 0.24046488106250763, 0.0, 80896, 16000, 9, 
92, 0.3765222430229187, 0.03185052052140236, -0.05827243998646736, -1.6321886777877808, -0.04042084887623787, 1.6939001083374023, 0.24100109934806824, 0.0, 80896, 16000, 9, 
93, 0.1452670395374298, 0.03175458684563637, -0.06969194859266281, -1.6317635774612427, -0.04073602333664894, 1.693660855293274, 0.2690333127975464, 0.0, 80896, 16000, 9, 
94, -0.04126577079296112, 0.029256068170070648, -0.07149418443441391, -1.6316778659820557, -0.04074116051197052, 1.6936873197555542, 0.3229249119758606, 0.0, 80896, 16000, 9, 
95, -0.28297263383865356, 0.029686516150832176, -0.0629751980304718, -1.6210252046585083, -0.04064891114830971, 1.6958632469177246, 0.3225588798522949, 0.0, 80896, 16000, 9, 
96, -0.43514013290405273, 0.030698200687766075, -0.0652661919593811, -1.621267557144165, -0.04065309837460518, 1.6958719491958618, 0.324908047914505, 0.0, 80896, 16000, 9, 
97, -0.6026173830032349, 0.0359770767390728, -0.06328287720680237, -1.621502161026001, -0.04065309837460518, 1.6958671808242798, 0.32443130016326904, 0.0, 80896, 16000, 9, 
98, -0.8112874627113342, 0.0385148711502552, -0.050218015909194946, -1.6218934059143066, -0.04065309837460518, 1.6961519718170166, 0.3237207233905792, 0.0, 80896, 16000, 9, 
99, -0.2942257225513458, 0.037180330604314804, -0.03563205897808075, -1.6225473880767822, -0.04064555466175079, 1.6955204010009766, 0.3242645561695099, 0.0, 80896, 16000, 9, 
100, 0.8095526099205017, 0.005886879749596119, 0.0030575015116482973, -1.5523121356964111, -0.04221920296549797, 1.547815203666687, -0.028604816645383835, 0.0, 80896, 16000, 10, different day
101, 0.7486055493354797, 0.0034378007985651493, -0.0005680535105057061, -1.5497428178787231, -0.042209442704916, 1.5478248596191406, -0.028612662106752396, 0.0, 80896, 16000, 10, different day
102, 0.6898088455200195, 0.005661462899297476, -0.00045392700121738017, -1.5497136116027832, -0.04221104085445404, 1.547864317893982, -0.028620854020118713, 0.0, 80896, 16000, 10, different day
103, 0.6164405345916748, 0.00628635473549366, 0.018385104835033417, -1.5497353076934814, -0.04220689833164215, 1.5478699207305908, -0.02862335555255413, 0.0, 80896, 16000, 10, different day
104, 0.5863035321235657, 0.00478561082854867, 0.011475790292024612, -1.549649715423584, -0.0422138012945652, 1.547886610031128, -0.02861184813082218, 0.0, 80896, 16000, 10, different day
105, 0.53707355260849, 0.0033062309958040714, 0.013887368142604828, -1.5493519306182861, -0.04220698028802872, 1.5479286909103394, -0.028612662106752396, 0.0, 80896, 16000, 10, different day
106, 0.4788673520088196, 0.0027114776894450188, 0.014548050239682198, -1.546349287033081, -0.04221124202013016, 1.5484349727630615, -0.028615610674023628, 0.0, 80896, 16000, 10, different day
107, 0.4325812757015228, 0.002738241571933031, 0.015733689069747925, -1.5400882959365845, -0.04221145436167717, 1.5484446287155151, -0.028613373637199402, 0.0, 80896, 16000, 10, different day
108, 0.3938365578651428, 0.001440998399630189, 0.01542983390390873, -1.558777928352356, -0.04219697415828705, 1.5483627319335938, -0.028615931048989296, 0.0, 80896, 16000, 10, different day
109, 0.35255664587020874, 0.003306399332359433, 0.015565048903226852, -1.5564029216766357, -0.04220350459218025, 1.5483613014221191, -0.028616681694984436, 0.0, 80896, 16000, 10, different day
110, 0.31610792875289917, -0.0014846783597022295, 0.0042467606253921986, -1.5620429515838623, -0.04220559448003769, 1.5483276844024658, -0.02890794910490513, 0.0, 80896, 16000, 11, possibly faulty
111, 0.2795284390449524, 0.00029910492594353855, 0.00444794213399291, -1.5614449977874756, -0.042179036885499954, 1.5483652353286743, -0.02890264242887497, 0.0, 80896, 16000, 12, 
112, 0.22013311088085175, -0.000640565063804388, 0.004528135061264038, -1.5608841180801392, -0.04217832535505295, 1.548374891281128, -0.02888806164264679, 0.0, 80896, 16000, 12, 
113, 0.16586589813232422, -0.0013920003548264503, 0.00450265035033226, -1.5557746887207031, -0.042186930775642395, 1.5483702421188354, -0.02888653613626957, 0.0, 80896, 16000, 12, 
114, 0.12250418215990067, -0.0009104281780309975, 0.004516140557825565, -1.5558019876480103, -0.04218071699142456, 1.5483660697937012, -0.02889580838382244, 0.0, 80896, 16000, 12, 
115, 0.08467821031808853, -0.0014686991926282644, 0.004515352193266153, -1.5557854175567627, -0.04218902811408043, 1.5483630895614624, -0.028885165229439735, 0.0, 80896, 16000, 12, 
116, 0.08467662334442139, -0.0014686991926282644, 0.004515352193266153, -1.5557870864868164, -0.042188216000795364, 1.5483630895614624, -0.028885995969176292, 0.0, 80896, 16000, 13, 
117, 0.014070477336645126, -0.0014297815505415201, 0.0039307852275669575, -1.5502108335494995, -0.04218223690986633, 1.5483672618865967, -0.028890546411275864, 0.0, 80896, 16000, 13, 
118, -0.03973007574677467, -0.002038119360804558, 0.0034371227957308292, -1.549677848815918, -0.04218251258134842, 1.548367977142334, -0.028891026973724365, 0.0, 80896, 16000, 13, 
119, -0.08142708986997604, -0.002226644428446889, 0.003414897248148918, -1.5496917963027954, -0.04218906909227371, 1.5483616590499878, -0.02889508195221424, 0.0, 80896, 16000, 13, 
120, -0.11502044647932053, -0.00528671545907855, 0.0034185166005045176, -1.548216700553894, -0.042188119143247604, 1.548401117324829, -0.02888324297964573, 0.0, 80896, 16000, 13, 
121, -0.15711377561092377, -0.006108033005148172, 0.003416846040636301, -1.5460164546966553, -0.04219043627381325, 1.548413634300232, -0.028889881446957588, 0.0, 80896, 16000, 13, 
122, -0.19567520916461945, -0.005723292473703623, 0.002991805551573634, -1.5460450649261475, -0.042199552059173584, 1.5484040975570679, -0.028855711221694946, 0.0, 80896, 16000, 13, 
123, -0.2335272878408432, -0.0057640885934233665, 0.003009218256920576, -1.546015739440918, -0.0421924814581871, 1.5484033823013306, -0.02886846847832203, 0.0, 80896, 16000, 13, 
124, -0.28103163838386536, -0.005726214498281479, 0.00300404941663146, -1.5460238456726074, -0.04219319671392441, 1.54840886592865, -0.02886185608804226, 0.0, 80896, 16000, 13, 
125, -0.3217659294605255, -0.005770228803157806, 0.002930138260126114, -1.5460143089294434, -0.04219568148255348, 1.5484026670455933, -0.028866007924079895, 0.0, 80896, 16000, 14, people are quite
126, -0.37175726890563965, -0.006729967426508665, 0.0029210371430963278, -1.5449048280715942, -0.04220309108495712, 1.5484026670455933, -0.02885819412767887, 0.0, 80896, 16000, 14, people are quite
127, -0.4277036786079407, -0.00680514145642519, 0.0029206830076873302, -1.5447280406951904, -0.042196664959192276, 1.548399567604065, -0.028860025107860565, 0.0, 80896, 16000, 14, people are quite
128, -0.4809127151966095, 0.0026693667750805616, -0.011192652396857738, -1.57748281955719, -0.042196664959192276, 1.5415229797363281, -0.029881741851568222, 0.0, 80896, 16000, 14, people are quite
129, -0.5123168230056763, 0.0013594592455774546, -0.01116541400551796, -1.5732884407043457, -0.042196664959192276, 1.54579758644104, -0.029870059341192245, 0.0, 80896, 16000, 14, people are quite
130, -0.5486153364181519, 0.0012509210500866175, -0.013133600354194641, -1.5731384754180908, -0.042197272181510925, 1.546895980834961, -0.029865974560379982, 0.0, 80896, 16000, 14, people are quite
131, -0.5783913731575012, 0.0012300758389756083, 0.007584460079669952, -1.5732040405273438, -0.0421912707388401, 1.5468740463256836, -0.029865972697734833, 0.0, 80896, 16000, 14, people are quite
132, -0.6243202686309814, -0.006406344473361969, 0.006271102465689182, -1.5731264352798462, -0.04219462722539902, 1.5468900203704834, -0.02959529124200344, 0.0, 80896, 16000, 14, people are quite
133, -0.6691763401031494, -0.006526114884763956, 0.00037654495099559426, -1.5731290578842163, -0.04219594970345497, 1.5468846559524536, -0.029597923159599304, 0.0, 80896, 16000, 14, people are quite
134, -0.7105165719985962, -0.006541620474308729, 0.00035222520818933845, -1.5734405517578125, -0.04219594970345497, 1.546865463256836, -0.029596397653222084, 0.0, 80896, 16000, 14, people are quite
135, -0.7715631127357483, 0.012621298432350159, 0.00635587377473712, -1.5789012908935547, -0.04218107461929321, 1.5465391874313354, -0.029609743505716324, 0.0, 80896, 16000, 15, 
136, -0.8193729519844055, 0.007395644206553698, 0.0003255569899920374, -1.578020453453064, -0.04219513386487961, 1.5465779304504395, -0.02960270456969738, 0.0, 80896, 16000, 15, 
137, -0.7629621624946594, 0.007045777048915625, 0.0002855370403267443, -1.5773814916610718, -0.04219452291727066, 1.5466018915176392, -0.029595712199807167, 0.0, 80896, 16000, 15, 
138, -0.7117904424667358, 0.00296713225543499, 0.0003030413936357945, -1.5718449354171753, -0.0421924814581871, 1.5468003749847412, -0.029597530141472816, 0.0, 80896, 16000, 15, 
139, -0.6596695780754089, 0.00312993791885674, 0.0002738557232078165, -1.5718539953231812, -0.04219451919198036, 1.5467948913574219, -0.029600774869322777, 0.0, 80896, 16000, 15, 
140, -0.6142454743385315, 0.002471604384481907, 0.0002710834378376603, -1.5692877769470215, -0.04219380393624306, 1.5468090772628784, -0.029600346460938454, 0.0, 80896, 16000, 15, 
141, -0.553084135055542, 0.0020651700906455517, 0.0002850335731636733, -1.569309115409851, -0.04219380393624306, 1.5467865467071533, -0.029598312452435493, 0.0, 80896, 16000, 15, 
142, -0.49610137939453125, 0.0018642585491761565, 0.000283355446299538, -1.5693002939224243, -0.04219486936926842, 1.546783208847046, -0.029603850096464157, 0.0, 80896, 16000, 15, 
143, -0.43939009308815, 0.0016783662140369415, 0.0004928401322104037, -1.5691406726837158, -0.0421929769217968, 1.5467805862426758, -0.02960796467959881, 0.0, 80896, 16000, 15, 
144, -0.373688280582428, 0.0019675891380757093, 0.0005711021367460489, -1.5692365169525146, -0.04219427704811096, 1.5467755794525146, -0.02959820255637169, 0.0, 80896, 16000, 15, 
145, -0.3354763686656952, 0.0023990580812096596, 0.004911630414426327, -1.5692546367645264, -0.04219044744968414, 1.546777367591858, -0.02960975281894207, 0.0, 80896, 16000, 16, 
146, -0.30274108052253723, 0.00316820852458477, 0.0017136067617684603, -1.5694059133529663, -0.0421997606754303, 1.5467942953109741, -0.02960190363228321, 0.0, 80896, 16000, 16, 
147, -0.25701087713241577, 0.002864793175831437, 0.003100039204582572, -1.569417119026184, -0.04218912497162819, 1.546997308731079, -0.029602263122797012, 0.0, 80896, 16000, 16, 
148, -0.21076035499572754, 0.003011548426002264, 0.003098513698205352, -1.569449543952942, -0.04217832535505295, 1.5470484495162964, -0.029602717608213425, 0.0, 80896, 16000, 16, 
149, -0.16957756876945496, 0.0026345897931605577, 0.0030922649893909693, -1.5686393976211548, -0.04218035936355591, 1.5473718643188477, -0.0294886976480484, 0.0, 80896, 16000, 16, 
150, -0.12182240933179855, 0.002623222302645445, 0.0030953441746532917, -1.5684362649917603, -0.04218997806310654, 1.5473873615264893, -0.02949388697743416, 0.0, 80896, 16000, 16, 
151, -0.07502167671918869, 0.0029127411544322968, 0.0038761934265494347, -1.568450689315796, -0.04218035936355591, 1.5473840236663818, -0.029507160186767578, 0.0, 80896, 16000, 16, 
152, -0.03453097492456436, 0.003292363602668047, 0.004390716087073088, -1.5684702396392822, -0.04217832535505295, 1.547383189201355, -0.02951529249548912, 0.0, 80896, 16000, 16, 
153, 0.014192662201821804, 0.0064864088781178, -0.010277128778398037, -1.5655149221420288, -0.04219115898013115, 1.5470770597457886, -0.02913038246333599, 0.0, 80896, 16000, 16, 
154, 0.07150787860155106, 0.006705541163682938, -0.0073831225745379925, -1.5654687881469727, -0.04218851402401924, 1.547155737876892, -0.0291388351470232, 0.0, 80896, 16000, 16, 
155, 0.10009802877902985, 0.007255138363689184, 0.0063122352585196495, -1.564284086227417, -0.04219319671392441, 1.5471441745758057, -0.02987772412598133, 0.0, 80896, 16000, 17, 
156, 0.13528195023536682, 0.00822829082608223, 0.016625134274363518, -1.5643048286437988, -0.042185381054878235, 1.5471539497375488, -0.029818357899785042, 0.0, 80896, 16000, 17, 
157, 0.16578370332717896, 0.011481648311018944, 0.016682695597410202, -1.564483880996704, -0.042183611541986465, 1.547145962715149, -0.029809480533003807, 0.0, 80896, 16000, 17, 
158, 0.20782479643821716, 0.013606851920485497, 0.01667964458465576, -1.5653003454208374, -0.04217832535505295, 1.5471404790878296, -0.029816195368766785, 0.0, 80896, 16000, 17, 
159, 0.11938608437776566, 0.012080280110239983, 0.0039416346698999405, -1.5655709505081177, -0.030901048332452774, 1.643534541130066, -0.008765298873186111, 0.0, 80896, 16000, 18, 
160, 0.15300621092319489, 0.012555180117487907, 0.006002921611070633, -1.5656538009643555, -0.030901052057743073, 1.6435117721557617, -0.008769967593252659, 0.0, 80896, 16000, 18, 
161, 0.19344858825206757, 0.012834885157644749, 0.01842135190963745, -1.5656567811965942, -0.030899984762072563, 1.6435240507125854, -0.008761337026953697, 0.0, 80896, 16000, 18, 
162, 0.24860478937625885, 0.013240181840956211, 0.018490558490157127, -1.5656720399856567, -0.030901307240128517, 1.6435197591781616, -0.008761963807046413, 0.0, 80896, 16000, 18, 
163, 0.28239870071411133, -0.0025831840466707945, 0.018687449395656586, -1.565442442893982, -0.030901307240128517, 1.6447114944458008, -0.008761575445532799, 0.0, 80896, 16000, 18, 
164, 0.3239627182483673, -0.00031044697971083224, 0.01868424564599991, -1.5654655694961548, -0.030901307240128517, 1.6447038650512695, -0.008762283250689507, 0.0, 80896, 16000, 18, 
165, 0.3787241578102112, 0.007178439758718014, 0.020083295181393623, -1.5654913187026978, -0.030901307240128517, 1.644702672958374, -0.008763168938457966, 0.0, 80896, 16000, 18, 
166, 0.428507536649704, 0.007243880536407232, 0.020162289962172508, -1.565498948097229, -0.03090069629251957, 1.6446903944015503, -0.008770127780735493, 0.0, 80896, 16000, 18, 
167, 0.47745880484580994, 0.007512327749282122, 0.02302204817533493, -1.5655518770217896, -0.030899984762072563, 1.6446764469146729, -0.008770844899117947, 0.0, 80896, 16000, 18, 
168, 0.5132287740707397, 0.007681704591959715, 0.04375440627336502, -1.5655710697174072, -0.030899373814463615, 1.644681453704834, -0.008773078210651875, 0.0, 80896, 16000, 18, 
169, 0.4999515116214752, -0.0013606107095256448, 0.014914464205503464, -1.5778257846832275, -0.021575162187218666, 1.5124233961105347, -0.00898319948464632, 0.0, 80896, 16000, 19, 
170, 0.551923394203186, -0.002399776829406619, 0.019773174077272415, -1.575423002243042, -0.021565359085798264, 1.5151561498641968, -0.009228796698153019, 0.0, 80896, 16000, 19, 
171, 0.600073516368866, -0.0019018895691260695, 0.007854747585952282, -1.5754306316375732, -0.021636195480823517, 1.5151644945144653, -0.00922867376357317, 0.0, 80896, 16000, 19, 
172, 0.6483058929443359, -0.0013410125393420458, 0.020927278324961662, -1.5755813121795654, -0.021593764424324036, 1.5250203609466553, -0.009251993149518967, 0.0, 80896, 16000, 19, 
173, 0.702777087688446, 0.0019882521592080593, 0.011963644996285439, -1.575600028038025, -0.021575912833213806, 1.5250284671783447, -0.009309576824307442, 0.0, 80896, 16000, 19, 
174, 0.7521148324012756, 0.006917909719049931, 0.000897791120223701, -1.5756210088729858, -0.02155810222029686, 1.5250457525253296, -0.00932979490607977, 0.0, 80896, 16000, 19, 
175, 0.8010878562927246, 0.006851900834590197, 0.0034426674246788025, -1.575596809387207, -0.021556738764047623, 1.5250457525253296, -0.01078076846897602, 0.0, 80896, 16000, 19, 
176, 0.7475164532661438, 0.006504551041871309, 0.007306237239390612, -1.574912190437317, -0.021546440199017525, 1.525087833404541, -0.010783758014440536, 0.0, 80896, 16000, 19, 
177, 0.6997349858283997, 0.006901931017637253, -0.004626637790352106, -1.5749388933181763, -0.02157883159816265, 1.525086760520935, -0.010721415281295776, 0.0, 80896, 16000, 19, 
178, 0.6478485465049744, 0.007058669812977314, -0.001217411132529378, -1.5749239921569824, -0.021575188264250755, 1.5264371633529663, -0.010735124349594116, 0.0, 80896, 16000, 19, 
179, 0.5798285603523254, 0.007861241698265076, -0.0003215090255253017, -1.5749671459197998, -0.021574590355157852, 1.5264359712600708, -0.010721821337938309, 0.0, 80896, 16000, 20, 
180, 0.5383687019348145, 0.007564452476799488, 0.0024091792292892933, -1.5749253034591675, -0.021574409678578377, 1.5264356136322021, -0.010749450884759426, 0.0, 80896, 16000, 20, 
181, 0.48621878027915955, 0.006276547443121672, 0.0030291627626866102, -1.5669269561767578, -0.021575774997472763, 1.526438593864441, -0.010756757110357285, 0.0, 80896, 16000, 20, 
182, 0.5335875153541565, 0.007296683732420206, 0.0030271790456026793, -1.5669317245483398, -0.021574078127741814, 1.5264368057250977, -0.01073802076280117, 0.0, 80896, 16000, 20, 
183, 0.4611438512802124, 0.008569267578423023, 0.003286957275122404, -1.5669528245925903, -0.021551351994276047, 1.5264345407485962, -0.010497176088392735, 0.0, 80896, 16000, 20, 
184, 0.4105736315250397, 0.008850226178765297, 0.003400128800421953, -1.566957712173462, -0.021556027233600616, 1.5264338254928589, -0.010531415231525898, 0.0, 80896, 16000, 20, 
185, 0.3576044738292694, 0.006939747370779514, 0.003427111776545644, -1.5661169290542603, -0.02156021073460579, 1.5264352560043335, -0.01052476279437542, 0.0, 80896, 16000, 20, 
186, 0.30567944049835205, 0.007451790384948254, 0.003427112242206931, -1.562475323677063, -0.0215587317943573, 1.5264393091201782, -0.010529356077313423, 0.0, 80896, 16000, 20, 
187, 0.25348803400993347, 0.007694415748119354, 0.003421259578317404, -1.5624961853027344, -0.021558333188295364, 1.5264359712600708, -0.010524180717766285, 0.0, 80896, 16000, 20, 
188, 0.20260794460773468, 0.00742703303694725, 0.0035573244094848633, -1.562269926071167, -0.021566325798630714, 1.5264338254928589, -0.010562185198068619, 0.0, 80896, 16000, 20, 
189, 0.16552390158176422, 0.007723395247012377, 0.0035681503359228373, -1.5622673034667969, -0.021550893783569336, 1.5264400243759155, -0.010555860586464405, 0.0, 80896, 16000, 21, 
190, 0.13205276429653168, 0.0068215117789804935, 0.0035681624431163073, -1.5615010261535645, -0.021556738764047623, 1.5264407396316528, -0.010562131181359291, 0.0, 80896, 16000, 21, 
191, 0.08360838145017624, 0.007329210638999939, 0.004376686178147793, -1.56151282787323, -0.021531449630856514, 1.5264400243759155, -0.010470706038177013, 0.0, 80896, 16000, 21, 
192, 0.0322360023856163, 0.006423590704798698, -6.976459553698078e-05, -1.555166482925415, -0.021725954487919807, 1.526459813117981, -0.00980381853878498, 0.0, 80896, 16000, 21, 
193, -0.019958797842264175, 0.007146481424570084, -2.8654785637627356e-05, -1.555191993713379, -0.021710967645049095, 1.5264590978622437, -0.009813659824430943, 0.0, 80896, 16000, 21, 
194, -0.06727585941553116, 0.007566801737993956, 0.004178763832896948, -1.5552177429199219, -0.02166781947016716, 1.5264557600021362, -0.009958864189684391, 0.0, 80896, 16000, 21, 
195, -0.10860371589660645, 0.007532070856541395, 0.004508880898356438, -1.5552250146865845, -0.02164314314723015, 1.526455044746399, -0.009965102188289165, 0.0, 80896, 16000, 21, 
196, -0.16199804842472076, 0.006779957562685013, 0.004513145890086889, -1.5551164150238037, -0.02163558453321457, 1.5264582633972168, -0.009960019029676914, 0.0, 80896, 16000, 21, 
197, -0.20667293667793274, 0.00677786348387599, 0.004494930617511272, -1.5551196336746216, -0.021650852635502815, 1.5264558792114258, -0.00991901196539402, 0.0, 80896, 16000, 21, 
198, -0.26836270093917847, 0.006767461076378822, 0.004351119510829449, -1.555092692375183, -0.021663635969161987, 1.526452898979187, -0.009917234070599079, 0.0, 80896, 16000, 21, 
199, -0.31532153487205505, 0.006499454844743013, 0.0040689329616725445, -1.5545203685760498, -0.021664347499608994, 1.5264573097229004, -0.009830445051193237, 0.0, 80896, 16000, 22, 
200, -0.37377262115478516, 0.006778397131711245, 0.0044501894153654575, -1.5545005798339844, -0.02165716327726841, 1.5264790058135986, -0.009817799553275108, 0.0, 80896, 16000, 22, 
201, -0.4259014427661896, 0.006986692082136869, 0.0014803403755649924, -1.5540283918380737, -0.02175818756222725, 1.5264790058135986, -0.009343769401311874, 0.0, 80896, 16000, 23, 
202, -0.46555468440055847, 0.0069994754157960415, 0.0014739385806024075, -1.5540151596069336, -0.02177256904542446, 1.5264729261398315, -0.009358130395412445, 0.0, 80896, 16000, 23, 
203, -0.5196533203125, 0.007020033895969391, 0.001464443514123559, -1.5540316104888916, -0.02177256904542446, 1.5264686346054077, -0.009353803470730782, 0.0, 80896, 16000, 23, 
204, -0.5552921891212463, 0.00677786348387599, 0.0014792752917855978, -1.5540425777435303, -0.0217688400298357, 1.5264405012130737, -0.009361494332551956, 0.0, 80896, 16000, 23, 
205, -0.5852168798446655, 0.006790223531424999, 0.00147380365524441, -1.5540522336959839, -0.02176777459681034, 1.5264397859573364, -0.009352398104965687, 0.0, 80896, 16000, 23, 
206, -0.6233933568000793, 0.006369225215166807, 0.0014803408412262797, -1.5540425777435303, -0.021769097074866295, 1.5264350175857544, -0.009363732300698757, 0.0, 80896, 16000, 23, 
207, -0.6672769784927368, 0.006661148741841316, 0.0014579698909074068, -1.5540741682052612, -0.021768486127257347, 1.5264142751693726, -0.009352239780128002, 0.0, 80896, 16000, 23, 
208, -0.7178702354431152, 0.00458557577803731, 0.0010868097888305783, -1.5542128086090088, -0.021800262853503227, 1.5263572931289673, -0.009350086562335491, 0.0, 80896, 16000, 23, 
209, -0.779371976852417, 0.005608976818621159, 0.0010681092971935868, -1.5542293787002563, -0.021799733862280846, 1.5263526439666748, -0.00934678316116333, 0.0, 80896, 16000, 23, 
210, -0.8338008522987366, 0.0007029951084405184, 0.0010233419016003609, -1.5542221069335938, -0.021801330149173737, 1.5263471603393555, -0.009356660768389702, 0.0, 80896, 16000, 23, 
211, -0.9021162390708923, -0.0009872362716123462, 0.0010154666379094124, -1.560450553894043, -0.020853884518146515, 1.5260186195373535, -0.009353750385344028, 0.0, 80896, 16000, 24, 
212, -0.8506253957748413, -0.001301592099480331, 0.0010522091761231422, -1.5602667331695557, -0.021173853427171707, 1.5260231494903564, -0.00934856291860342, 0.0, 80896, 16000, 24, 
213, -0.7953165173530579, -0.0011566131142899394, 0.0010560372611507773, -1.5602911710739136, -0.021178292110562325, 1.5260307788848877, -0.009352326393127441, 0.0, 80896, 16000, 24, 
214, -0.722993791103363, -0.001462307758629322, 0.002536054002121091, -1.5585923194885254, -0.021179964765906334, 1.5260452032089233, -0.00935852900147438, 0.0, 80896, 16000, 24, 
215, -0.6709624528884888, -0.003080477938055992, 0.0025279931724071503, -1.556702733039856, -0.02126968838274479, 1.526044487953186, -0.009355276823043823, 0.0, 80896, 16000, 24, 
216, -0.6231725811958313, -0.011558876372873783, 0.002529662335291505, -1.5561673641204834, -0.021269727498292923, 1.5260430574417114, -0.009365970268845558, 0.0, 80896, 16000, 24, 
217, -0.5519469976425171, -0.01163306925445795, 0.0031426495406776667, -1.549659013748169, -0.021269727498292923, 1.5261902809143066, -0.009360070340335369, 0.0, 80896, 16000, 24, 
218, -0.478150874376297, -0.012227226980030537, 0.0032366157975047827, -1.544224500656128, -0.021269727498292923, 1.5261873006820679, -0.009560680016875267, 0.0, 80896, 16000, 24, 
219, -0.39988991618156433, -0.01221771351993084, 0.003298601834103465, -1.5433651208877563, -0.021274041384458542, 1.5261821746826172, -0.00952969305217266, 0.0, 80896, 16000, 24, 
220, -0.34801018238067627, -0.006232662126421928, -0.001060459646396339, -1.5615304708480835, -0.021301349624991417, 1.526173710823059, -0.009567623026669025, 0.0, 80896, 16000, 25, 
221, -0.29950687289237976, -0.006179270800203085, 0.0038012980949133635, -1.5612902641296387, -0.021301960572600365, 1.526190996170044, -0.0095644136890769, 0.0, 80896, 16000, 25, 
222, -0.2561303675174713, -0.006149443797767162, -0.0018528723157942295, -1.5612449645996094, -0.021347200497984886, 1.5261869430541992, -0.00956282950937748, 0.0, 80896, 16000, 25, 
223, -0.21594160795211792, -0.006109450478106737, -0.0010093279415741563, -1.5611090660095215, -0.021347690373659134, 1.5262197256088257, -0.009562483057379723, 0.0, 80896, 16000, 25, 
224, -0.16777151823043823, -0.006594786886125803, -0.0009856026154011488, -1.5544097423553467, -0.0213431715965271, 1.526238203048706, -0.009561523795127869, 0.0, 80896, 16000, 25, 
225, -0.12203747779130936, -0.00608235877007246, 0.002962196711450815, -1.5544369220733643, -0.02132742665708065, 1.526229739189148, -0.00956722628325224, 0.0, 80896, 16000, 25, 
226, -0.06633107364177704, -0.005497528240084648, 0.0029555053915828466, -1.5574674606323242, -0.02133147418498993, 1.5262365341186523, -0.00955076515674591, 0.0, 80896, 16000, 25, 
227, -0.019742554053664207, -0.005100148264318705, 0.0030787703581154346, -1.5575008392333984, -0.021329402923583984, 1.5262311697006226, -0.009553661569952965, 0.0, 80896, 16000, 25, 
228, 0.039382584393024445, -0.005058033857494593, 0.003120739245787263, -1.5574634075164795, -0.02133055217564106, 1.5262380838394165, -0.009558035992085934, 0.0, 80896, 16000, 25, 
229, 0.09734653681516647, -0.004876823630183935, 0.0035084306728094816, -1.5575792789459229, -0.02132531814277172, 1.5262359380722046, -0.009697865694761276, 0.0, 80896, 16000, 25, 
230, 0.14919617772102356, 0.009788049384951591, 0.00622495636343956, -1.5687609910964966, -0.021285494789481163, 1.5265096426010132, -0.010419794358313084, 0.0, 80896, 16000, 26, 
231, 0.1856323629617691, 0.014714011922478676, 0.007555653341114521, -1.5699844360351562, -0.02128279209136963, 1.5265049934387207, -0.010404753498733044, 0.0, 80896, 16000, 26, 
232, 0.22461502254009247, 0.01564718224108219, 0.01725044474005699, -1.57014000415802, -0.021282175555825233, 1.52650785446167, -0.010395430959761143, 0.0, 80896, 16000, 26, 
233, 0.2716507911682129, 0.016740145161747932, 0.017352772876620293, -1.5704387426376343, -0.02128448337316513, 1.5265038013458252, -0.0103998351842165, 0.0, 80896, 16000, 26, 
234, 0.3329080641269684, 0.004281985107809305, 0.003882181365042925, -1.5749671459197998, -0.021306755021214485, 1.526502251625061, -0.010165506973862648, 0.0, 80896, 16000, 26, 
235, 0.37654349207878113, 0.007159617729485035, 0.012730137445032597, -1.5750045776367188, -0.021304665133357048, 1.5264967679977417, -0.010170522145926952, 0.0, 80896, 16000, 26, 
236, 0.42853111028671265, 0.007171938195824623, 0.016851115971803665, -1.5750110149383545, -0.02130267210304737, 1.5264967679977417, -0.0101775536313653, 0.0, 80896, 16000, 26, 
237, 0.4891100525856018, 0.0073950751684606075, 0.01715768873691559, -1.5756958723068237, -0.02130063809454441, 1.5264806747436523, -0.010175314731895924, 0.0, 80896, 16000, 26, 
238, 0.5684632658958435, 0.010754784569144249, 0.025522379204630852, -1.5772836208343506, -0.0212862566113472, 1.5264643430709839, -0.010178265161812305, 0.0, 80896, 16000, 26, 
239, 0.6365448236465454, 0.011081919074058533, 0.03260086104273796, -1.5778604745864868, -0.02128903940320015, 1.5264620780944824, -0.010174603201448917, 0.0, 80896, 16000, 26, 
